Date,Cases.to.Date,Population,New.Cases,Viral.RNA,Vaccine.Proportion
43512,168787,610655,6,95350640.67,NA
43511,168781,610655,151,208576308.9,NA
43510,168630,610655,37,131486393.8,NA
43509,168593,610655,129,248645309.7,0.818413333
43508,168464,610655,30,100264819.3,NA
43507,168434,610655,4,18018765.29,NA
43506,168430,610655,35,234000,NA
43505,168395,610655,52,49132313.76,NA
43504,168343,610655,148,393397469.3,NA
43503,168195,610655,27,191590593.8,NA
43502,168168,610655,82,107849520.3,0.818235083
43501,168086,610655,46,192433549.7,NA
43500,168040,610655,0,12565206.39,NA
43499,168040,610655,10,866000,NA
43498,168030,610655,98,10947447.26,NA
43497,159965,610655,192,278377177.4,NA
43496,167804,610655,24,148242060.6,NA
43495,167780,610655,19,191493254.5,0.818048083
43494,167761,610655,79,121258732.4,NA
43493,167682,610655,3,20989466.57,NA
43492,167679,610655,6,159000,NA
43491,167673,610655,17,39490996.54,NA
43490,167656,610655,148,125444487.1,NA
43489,167508,610655,19,86837846.06,NA
43488,167489,610655,81,94311281.15,0.817808667
43487,167408,610655,46,108176452,NA
43486,167362,610655,1,13907720.19,NA
43485,167361,610655,35,102000,NA
43484,167326,610655,5,13280325.63,NA
43483,167321,610655,237,68193046.95,NA
43482,167084,610655,14,87887537.43,NA
43481,167070,610655,123,79344750.07,0.817581917
43480,166947,610655,5,18247612.22,NA
43479,166942,610655,3,9169864.762,NA
43478,166939,610655,16,74000,NA
43477,166923,610655,14,18522766.14,NA
43476,166909,610655,459,57998468.71,NA
43475,166450,610655,9,64166007.05,NA
43474,166441,610655,77,62871197.86,0.81730625
43473,166364,610655,60,66563159.16,NA
43472,166304,610655,4,17968239.11,NA
43471,166300,610655,19,570000,NA
43470,166281,610655,21,37520355.11,NA
43469,166260,610655,326,89602234,NA
43468,165934,610655,169,72201049.42,NA
43467,165765,610655,115,75615303.42,0.816993333
43466,165650,610655,3,14145933.06,NA
43465,165647,610655,6,3300310.907,NA
43464,165641,610655,162,219000,NA
43463,165479,610655,38,17662835.53,NA
43462,165441,610655,275,67971431.06,NA
43461,165166,610655,26,80500200.25,NA
43460,165140,610655,475,88310480.72,0.816777083
43459,164665,610655,9,44946842.59,NA
43458,164656,610655,8,14270028.72,NA
43457,164648,610655,33,471000,NA
43456,164615,610655,25,8981842.009,NA
43455,164590,610655,292,82837599.48,NA
43454,164298,610655,65,73777094.97,NA
43453,164233,610655,341,116066344.9,0.816530417
43452,163892,610655,13,58245042.99,NA
43451,163879,610655,5,16138040.69,NA
43450,163874,610655,9,6.00E+05,NA
43449,163865,610655,42,19687485.47,NA
43448,163823,610655,340,97111082.36,NA
43447,163483,610655,87,44155816.5,NA
43446,163396,610655,102,42339924.59,0.816279417
43445,163294,610655,365,1071177.48,NA
43444,162929,610655,8,759143.4132,NA
43443,162921,610655,29,538000,NA
43442,162892,610655,267,633568.8652,NA
43441,162625,610655,373,14458995.86,NA
43440,162252,610655,20,2307793.363,NA
43439,162232,610655,97,5648408.124,0.816008417
43438,162135,610655,426,1382083.042,NA
43437,161709,610655,5,3165425.468,NA
43436,161704,610655,31,931000,NA
43435,161673,610655,221,462000,NA
43434,161452,610655,174,4343784.231,NA
43433,161278,610655,81,2813165.179,NA
43432,161197,610655,289,3614821.424,0.815710833
43431,160908,610655,129,2451712,NA
43430,160779,610655,0,11095826.28,NA
43429,160779,610655,19,734000,NA
43428,160760,610655,15,870000,NA
43427,160745,610655,7881,755312.6341,NA
43426,152864,610655,-7676,954996.6131,NA
43425,160540,610655,38,2573985.539,0.815484667
43424,160502,610655,209,1320758.98,NA
43423,160293,610655,4,1315163.717,NA
43422,160289,610655,13,366000,NA
43421,160276,610655,82,294873.3813,NA
43420,160194,610655,239,1326618.647,NA
43419,159955,610655,14,1756220.834,NA
43418,159941,610655,34,941505.1988,0.815147083
43417,159907,610655,206,748331.1395,NA
43416,159701,610655,1,839024.4381,NA
43415,159700,610655,15,0,NA
43414,159685,610655,13,289000,NA
43413,159672,610655,189,1189909.988,NA
43412,159483,610655,158,1731380.206,NA
43411,159325,610655,15,946664.3915,0.814805917
43410,159310,610655,101,405847.1762,NA
43409,159209,610655,1,575765.7644,NA
43408,159208,610655,7766,605000,NA
43407,151442,610655,-7700,489001.741,NA
43406,159142,610655,180,3108709.575,NA
43405,158962,610655,7,644576.7492,NA
43404,158955,610655,30,958492.8472,0.81441475
43403,158925,610655,247,45285.19266,NA
43402,158678,610655,4,609313.0781,NA
43401,158674,610655,24876,76900,NA
43400,133798,610655,-24856,118000,NA
43399,158654,610655,155,678825.8137,NA
43398,158499,610655,92,721065.9472,NA
43397,158407,610655,10,427609.7175,0.81399125
43396,158397,610655,90,657941.9248,NA
43395,158307,610655,4,413541.1,NA
43394,158303,610655,10,162000,NA
43393,158293,610655,3662,253252.7059,NA
43392,154631,610655,-3436,327444.0828,NA
43391,158067,610655,7,703941.4275,NA
43390,158060,610655,98,473061.0845,0.8134865
43389,157962,610655,92,383077.2033,NA
43388,157870,610655,3,531795.7805,NA
43387,157867,610655,21,190000,NA
43386,157846,610655,16426,157000,NA
43385,141420,610655,-16020,768863.748,NA
43384,157440,610655,13,752063.3864,NA
43383,157427,610655,162,464173.3871,0.812980333
43382,157265,610655,103,542351.8458,NA
43381,157162,610655,7,364571.5566,NA
43380,157155,610655,7,113000,NA
43379,157148,610655,34,519690.1946,NA
43378,157114,610655,-3059,427698.8691,NA
43377,160173,610655,16401,1091558.075,NA
43376,143772,610655,-13247,592735.8826,0.8124585
43375,157019,610655,48,649352.295,NA
43374,156971,610655,1,532331.2601,NA
43373,156970,610655,5,492000,NA
43372,156965,610655,44,125000,NA
43371,156921,610655,133,880576.6307,NA
43370,156788,610655,100,366074.3266,NA
43369,156688,610655,69,447941.2147,0.81189725
43368,156619,610655,79,476910.1286,NA
43367,156540,610655,0,593015.8367,NA
43366,156540,610655,8,161000,NA
43365,156532,610655,51,270000,NA
43364,156481,610655,-634,243228.3672,NA
43363,157115,610655,-118,385384.0155,NA
43362,157233,610655,-943,136624.281,0.81126225
43361,158176,610655,1102,580041.9221,NA
43360,157074,610655,2,315092.5272,NA
43359,157072,610655,12,170000,NA
43358,157060,610655,530,320292.2226,NA
43357,156530,610655,357,106300.1132,NA
43356,156173,610655,401,242652.6648,NA
43355,155772,610655,61,423637.0718,0.810566833
43354,155711,610655,106,492828.5722,NA
43353,155605,610655,1,287350.0459,NA
43352,155604,610655,2,217887.311,NA
43351,155602,610655,141,502453.4016,NA
43350,155461,610655,179,475372.7819,NA
43349,155282,610655,243,580809.5445,NA
43348,155039,610655,169,443644.5298,0.809937583
43347,154870,610655,31,511555.9977,NA
43346,154839,610655,8,712555.7265,NA
43345,154831,610655,25,278574.973,NA
43344,154806,610655,26,541660.6902,NA
43343,154780,610655,342,475992.2894,NA
43342,154438,610655,37,1176145.813,NA
43341,154401,610655,8,449460.9162,0.809446583
43340,154393,610655,365,887234.2968,NA
43339,154028,610655,7,559174.2547,NA
43338,154021,610655,24,341664.218,NA
43337,153997,610655,79,374677.8882,NA
43336,153918,610655,644,422848.4401,NA
43335,153274,610655,2,468112.9286,NA
43334,153272,610655,5,662462.5454,0.808693583
43333,153267,610655,302,758740.8466,NA
43332,152965,610655,7,630261.6498,NA
43331,152958,610655,13,139627.686,NA
43330,152945,610655,108,465490.9425,NA
43329,152837,610655,454,1949561.665,NA
43328,152383,610655,126,1470590.198,NA
43327,152257,610655,172,651481.6862,0.807783833
43326,152085,610655,298,1124263.995,NA
43325,151787,610655,9,771022.1243,NA
43324,151778,610655,7,257155.34,NA
43323,151771,610655,192,652500.9094,NA
43322,151579,610655,455,398315.7981,NA
43321,151124,610655,85,1586684.813,NA
43320,151039,610655,135,1164797.186,0.806800333
43319,150904,610655,526,712962.6465,NA
43318,150378,610655,9,720025.0961,NA
43317,150369,610655,10,1061434.26,NA
43316,150359,610655,201,365356.005,NA
43315,150158,610655,730,898989.9525,NA
43314,149428,610655,84,2038448.61,NA
43313,149344,610655,7,373172.6884,0.805652167
43312,149337,610655,862,937362.4471,NA
43311,148475,610655,22,1819602.34,NA
43310,148453,610655,19,362797.728,NA
43309,148434,610655,-39,946764.7113,NA
43308,148473,610655,913,1299819.214,NA
43307,147560,610655,223,1238605.632,NA
43306,147337,610655,407,1826149.51,0.804450667
43305,146930,610655,332,1688484.067,NA
43304,146598,610655,95,1173832.657,NA
43303,146503,610655,20,913392.526,NA
43302,146483,610655,32,1125185.182,NA
43301,146451,610655,1015,1702328.92,NA
43300,145436,610655,614,2144395.219,NA
43299,144822,610655,38,1472417.859,0.803290583
43298,144784,610655,469,1911357.174,NA
43297,144315,610655,6,2268702,NA
43296,144309,610655,17,1175992.81,NA
43295,144292,610655,52,853300.679,NA
43294,144240,610655,829,1572867.144,NA
43293,143411,610655,117,1570756.877,NA
43292,143294,610655,544,1840431.82,0.802716333
43291,142750,610655,361,2218639.316,NA
43290,142389,610655,100,1969717.774,NA
43289,142289,610655,14,1394411,NA
43288,142275,610655,276,951436.4356,NA
43287,141999,610655,758,1250425.574,NA
43286,141241,610655,401,3968754.675,NA
43285,140840,610655,343,2086867.027,0.802143167
43284,140497,610655,234,3004274.984,NA
43283,140263,610655,0,2534612.244,NA
43282,140263,610655,9,1057308.87,NA
43281,140254,610655,50,1023879.6,NA
43280,140204,610655,802,3633441.599,NA
43279,139402,610655,107,1518971.039,NA
43278,139295,610655,536,2394217.847,0.801662083
43277,138759,610655,387,1002501.729,NA
43276,138372,610655,86,2866210.03,NA
43275,138286,610655,167,915946.207,NA
43274,138119,610655,148,1939238.91,NA
43273,137971,610655,719,1835587.183,NA
43272,137252,610655,83,1334769.85,NA
43271,137169,610655,785,5354732.987,0.80115375
43270,136384,610655,2,1042510.99,NA
43269,136382,610655,16,2631727.844,NA
43268,136366,610655,360,767042.7093,NA
43267,136006,610655,8,807053.4444,NA
43266,135998,610655,2428,1183668.818,NA
43265,133570,610655,51,1658468.628,NA
43264,133519,610655,51,1450367.043,0.800610667
43263,133468,610655,382,970355.2043,NA
43262,133086,610655,16,1404849.787,NA
43261,133070,610655,18,807533.526,NA
43260,133052,610655,66,728928.821,NA
43259,132986,610655,412,1346179.141,NA
43258,132574,610655,56,1681586.711,NA
43257,132518,610655,64,798263.134,0.800038167
43256,132454,610655,281,1411586.222,NA
43255,132173,610655,217,1920221.42,NA
43254,131956,610655,10,817769.369,NA
43253,131946,610655,4,1073000.22,NA
43252,131942,610655,1079,1072106.846,NA
43251,130863,610655,-493,1886062.907,NA
43250,131356,610655,237,2269520.641,0.799436667
43249,131119,610655,89,0,NA
43248,131030,610655,454,1774858.684,NA
43247,130576,610655,27,1450593.77,NA
43246,130549,610655,365,557359.898,NA
43245,130184,610655,452,1491554.154,NA
43244,129732,610655,351,1618490.56,NA
43243,129381,610655,57,1095595.896,0.798805083
43242,129324,610655,265,661356.6691,NA
43241,129059,610655,161,667988.7202,NA
43240,128898,610655,553,734320.73,NA
43239,128345,610655,4,1862056.84,NA
43238,128341,610655,327,2289113.466,NA
43237,128014,610655,185,1890374.186,NA
43236,127829,610655,138,1252165.5,0.798126
43235,127691,610655,417,975851.4608,NA
43234,127274,610655,194,2524816.225,NA
43233,127080,610655,110,396303.847,NA
43232,126970,610655,245,434802.26,NA
43231,126725,610655,397,2032528.569,NA
43230,126328,610655,84,856668.465,NA
43229,126244,610655,85,1399206.224,0.797469917
43228,126159,610655,273,1159202.393,NA
43227,125886,610655,185,1970940.766,NA
43226,125701,610655,125,107832.636,NA
43225,125576,610655,180,196314.941,NA
43224,125396,610655,339,691432.8488,NA
43223,125057,610655,360,1022231.323,NA
43222,124697,610655,95,743637.4526,0.79670925
43221,124602,610655,271,1024102.214,NA
43220,124331,610655,80,678161.9161,NA
43219,124251,610655,153,122091.298,NA
43218,124098,610655,1,288282.377,NA
43217,124097,610655,290,443812.4418,NA
43216,123807,610655,98,655353.7191,NA
43215,123709,610655,146,449758.2723,0.795909667
43214,123563,610655,197,383812.205,NA
43213,123366,610655,57,461103.0945,NA
43212,123309,610655,10,675569.583,NA
43211,123299,610655,22,105263.158,NA
43210,123277,610655,138,410953.4321,NA
43209,123139,610655,101,731675.883,NA
43208,123038,610655,76,317619.6734,0.795156833
43207,122962,610655,52,249569.7378,NA
43206,122910,610655,86,575506.2251,NA
43205,122824,610655,6,106545.176,NA
43204,122818,610655,55,201360.66,NA
43203,122763,610655,152,171696.9412,NA
43202,122611,610655,110,353857.7067,NA
43201,122501,610655,41,350123.9516,0.794241917
43200,122460,610655,82,514050.9504,NA
43199,122378,610655,75,427863.439,NA
43198,122303,610655,10,231176.464,NA
43197,122293,610655,40,146532.982,NA
43196,122253,610655,57,308046.4989,NA
43195,122196,610655,71,0,NA
43194,122125,610655,77,114313.9541,0.793281917
43193,122048,610655,52,138676.618,NA
43192,121996,610655,14,37694.16809,NA
43191,121982,610655,4,65706.1907,NA
43190,121978,610655,4,39993.8051,NA
43189,121974,610655,77,0,NA
43188,121897,610655,83,49906.9714,NA
43187,121814,610655,52,83035.8524,0.7921465
43186,121762,610655,65,15212.64998,NA
43185,121697,610655,20,96774.7304,NA
43184,121677,610655,7,27497.5205,NA
43183,121670,610655,51,17165.7147,NA
43182,121619,610655,98,14654.0226,NA
43181,121521,610655,97,12661.671,NA
43180,121424,610655,13,17281.4167,0.79107825
43179,121411,610655,71,30605.6983,NA
43178,121340,610655,19,8167.47589,NA
43177,121321,610655,58,40757.727,NA
43176,121263,610655,30,122652.701,NA
43175,121233,610655,91,22522.5376,NA
43174,121142,610655,152,20949.8457,NA
43173,120990,610655,6,29160.1732,0.789814583
43172,120984,610655,91,39989.1328,NA
43171,120893,610655,0,16805.4417,NA
43170,120893,610655,3,41689.1469,NA
43169,120890,610655,209,13115.9069,NA
43168,120681,610655,-105,47597.1566,NA
43167,120786,610655,136,28930.0525,NA
43166,120650,610655,18,36477.1924,0.788260417
43165,120632,610655,165,69550.8095,NA
43164,120467,610655,43,356848.485,NA
43163,120424,610655,17,46006.7446,NA
43162,120407,610655,77,119662.868,NA
43161,120330,610655,210,85043.1697,NA
43160,120120,610655,222,46746.3684,NA
43159,119898,610655,314,43718.716,0.786512333
43158,119584,610655,156,0,NA
43157,119428,610655,17,58337.5151,NA
43156,119411,610655,32,45910.6275,NA
43155,119379,610655,64,40528.136,NA
43154,119315,610655,142,67041.0518,NA
43153,119173,610655,296,25374.4814,NA
43152,118877,610655,31,12349.3518,0.784229667
43151,93932,476585,11,11869.0826,NA
43150,93921,476585,837,32810.8272,NA
43149,93084,476585,41,71081.2164,NA
43148,93043,476585,90,71498.1049,NA
43147,92953,476585,43,144067.643,NA
43146,92910,476585,526,0,NA
43145,92384,476585,-273,154066.673,0.7900885
43144,92657,476585,160,99036.3925,NA
43143,92497,476585,223,37099.687,NA
43142,92274,476585,156,15142.139,NA
43141,92118,476585,360,73804.0995,NA
43140,91758,476585,426,34889.816,NA
43139,91332,476585,857,55150.4268,NA
43138,90475,476585,410,82851.6272,0.7864922
43137,90065,476585,19,53523.9356,NA
43136,90046,476585,116,60252.9659,NA
43135,89930,476585,262,54405.3335,NA
43134,89668,476585,427,117424.094,NA
43133,89241,476585,1372,98276.1178,NA
43132,87869,476585,1004,139412.836,NA
43131,86865,476585,1720,99511.4582,0.7819614
43130,85145,476585,237,0,NA
43129,84908,476585,450,237747.425,NA
43128,84458,476585,590,92262.3776,NA
43127,83868,476585,941,169318.392,NA
43126,82927,476585,848,169094.358,NA
43125,82079,476585,2967,234372.345,NA
43124,79112,476585,1215,156744.171,0.7773219
43123,77897,476585,555,86249.8836,NA
43122,77342,476585,654,140329.071,NA
43121,76688,476585,1023,384796.247,NA
43120,75665,476585,1062,177601.912,NA
43119,74603,476585,6651,200359.293,NA
43118,67952,476585,3805,226860.343,NA
43117,64147,476585,467,487111.111,0.7733802
43116,63680,476585,168,324491.228,NA
43115,63512,476585,642,377345.964,NA
43114,62870,476585,245,509004.972,NA
43113,62625,476585,516,0,NA
43112,62109,476585,659,305511.445,NA
43111,61450,476585,3160,0,NA
43110,58290,476585,935,595772.072,0.7693874
43109,57355,476585,494,811046.011,NA
43108,56861,476585,1236,617422.527,NA
43107,55625,476585,211,1014949.5,NA
43106,55414,476585,708,458666.667,NA
43105,54706,476585,-213,818227.132,NA
43104,54919,476585,1681,339870.573,NA
43103,53238,476585,236,367259.005,0.7634959
43102,53002,476585,332,784888.889,NA
43101,52670,476585,113,345895.954,NA
43100,52557,476585,21,0,NA
43099,52536,476585,195,300176.991,NA
43098,52341,476585,219,158383.838,NA
43097,52122,476585,673,131831.397,NA
43096,51449,476585,282,414533.965,0.7594107
43095,51167,476585,157,198757.764,NA
43094,51010,476585,11,111823.975,NA
43093,50999,476585,15,0,NA
43092,50984,476585,428,239151.92,NA
43091,50556,476585,8,158288.095,NA
43090,50548,476585,8,81549.778,NA
43089,50540,476585,156,199730.441,0.7546317
43088,50384,476585,14,194647.725,NA
43087,50370,476585,0,64107.4679,NA
43086,50370,476585,68,157597.36,NA
43085,50302,476585,65,96817.1814,NA
43084,50237,476585,835,11098.0005,NA
43083,49402,476585,0,36833.9996,NA
43082,49402,476585,0,45660.3595,0.7484068
43081,49402,476585,0,64357.8169,NA
43080,49402,476585,0,46513.1774,NA
43079,49402,476585,0,44676.7422,NA
43078,49402,476585,0,47873.5683,NA
43077,49402,476585,0,30397.2379,NA
43076,49402,476585,0,38853.9299,NA
43075,49402,476585,42,42249.7139,0.7392763
43074,49360,476585,47,36782.405,NA
43073,49313,476585,8,41138.8766,NA
43072,49305,476585,93,29930.8609,NA
43071,49212,476585,62,41995.1573,NA
43070,49150,476585,32,49941.8164,NA
43069,49118,476585,169,65161.0028,NA
43068,48949,476585,48,45155.257,0.7282926
43067,48901,476585,59,64760.4745,NA
43066,48842,476585,52,114342.218,NA
43065,48790,476585,1,46917.1183,NA
43064,48789,476585,-2,14258.954,NA
43063,48791,476585,19,0,NA
43062,48772,476585,-349,59016.901,NA
43061,49121,476585,46,12885.3159,0.7236857
43060,49075,476585,16,52373.5682,NA
43059,49059,476585,2,19674.4906,NA
43058,49057,476585,52,16162.7307,NA
43057,49005,476585,768,15521.472,NA
43056,48237,476585,0,13103.5377,NA
43055,48237,476585,0,59458.592,NA
43054,48237,476585,3,15519.3139,0.7206971
43053,48234,476585,66,7989.54108,NA
43052,48168,476585,10,18861.4612,NA
43051,48158,476585,3,24165.0145,NA
43050,48155,476585,15,22404.1787,NA
43049,48140,476585,28,36243.4647,NA
43048,48112,476585,176,65593.7682,NA
43047,47936,476585,69,27362.0685,0.7177043
43046,47867,476585,3,33237.4827,NA
43045,47864,476585,1,29529.2988,NA
43044,47863,476585,138,20759.1905,NA
43043,47725,476585,-44,22628.0225,NA
43042,47769,476585,22,17091.7588,NA
43041,47747,476585,263,15142.8121,NA
43040,47484,476585,62,15188.5536,0.7144828
43039,47422,476585,7,12121.1344,NA
43038,47415,476585,1,22603.9587,NA
43037,47414,476585,21,24810.8413,NA
43036,47393,476585,31,23148.3743,NA
43035,47362,476585,37,23856.8175,NA
43034,47325,476585,162,55237.2022,NA
43033,47163,476585,79,15591.1131,0.7113961
43032,47084,476585,87,14238.077,NA
43031,46997,476585,0,13934.2787,NA
43030,46997,476585,366,9164.32838,NA
43029,46631,476585,0,14874.3411,NA
43028,46631,476585,0,9673.67305,NA
43027,46631,476585,0,17471.5233,NA
43026,46631,476585,0,12104.0115,0.7083031
43025,46631,476585,0,7885.05915,NA
43024,46631,476585,0,47659.6642,NA
43023,46631,476585,0,16304.6908,NA
43022,46631,476585,0,8990.42963,NA
43021,46631,476585,51,19507.044,NA
43020,46580,476585,106,16015.2117,NA
43019,46474,476585,50,16469.0573,0.7050005
43018,46424,476585,15,0,NA
43017,46409,476585,2,67715.8883,NA
43016,46407,476585,46,17198.4387,NA
43015,46361,476585,28,51471.9044,NA
43014,46333,476585,26,0,NA
43013,46307,476585,592,21579.6161,NA
43012,45715,476585,5,24599.5185,0.7014462
43011,45710,476585,17,14863.298,NA
43010,45693,476585,56,62861.59488,NA
43009,45637,476585,31,43136.41188,NA
43008,45606,476585,0,46348.87128,NA
43007,45606,476585,136,28017.19524,NA
43006,45470,476585,5,37774.8162,NA
43005,45465,476585,74,49230.117,0.6974844
43004,45391,476585,7,42628.31424,NA
43003,45384,476585,1,46399.4202,NA
43002,45383,476585,1,40595.8788,NA
43001,45382,476585,215,27537.82176,NA
43000,45167,476585,0,15758.85276,NA
42999,45167,476585,0,13334.4966,NA
42998,45167,476585,0,9570.167004,0.6930133
42997,45167,476585,0,8783.462868,NA
42996,45167,476585,2,26397.88668,NA
42995,45165,476585,3,25671.9498,NA
42994,45162,476585,38,26520.67524,NA
42993,45124,476585,-33,12687.54456,NA
42992,45157,476585,237,0,NA
42991,44920,476585,8,41527.03992,0.6873582
42990,44912,476585,18,32860.41384,NA
42989,44894,476585,51,51825.91968,NA
42988,44843,476585,36,51664.67496,NA
42987,44807,476585,6,26713.87416,NA
42986,44801,476585,99,51280.65864,NA
42985,44702,476585,218,45208.38996,NA
42984,44484,476585,109,25546.44012,0.6809236
42983,44375,476585,15,29924.36748,NA
42982,44360,476585,40,101025.4182,NA
42981,44320,476585,71,22622.75088,NA
42980,44249,476585,135,23183.76588,NA
42979,44114,476585,276,55506.97956,NA
42978,43838,476585,352,281744.3736,NA
42977,43486,476585,110,22221.945,0.6747348
42976,43376,476585,22,37473.279,NA
42975,43354,476585,27,43592.36124,NA
42974,43327,476585,127,57421.70472,NA
42973,43200,476585,154,166736.4384,NA
42972,43046,476585,42,31560.98196,NA
42971,43004,476585,467,124649.7384,NA
42970,42537,476585,45,69102.0768,0.6672268
42969,42492,476585,33,72483.6402,NA
42968,42459,476585,48,93452.28996,NA
42967,42411,476585,293,40081.80564,NA
42966,42118,476585,0,77539.37328,NA
42965,42118,476585,0,40175.1372,NA
42964,42118,476585,363,78946.56864,NA
42963,41755,476585,129,0,0.6602987
42962,41626,476585,61,126983.7936,NA
42961,41565,476585,636,86844.69636,NA
42960,40929,476585,0,84369.3486,NA
42959,40929,476585,0,33937.82772,NA
42958,40929,476585,0,51017.8434,NA
42957,40929,476585,0,145554.15,NA
42956,40929,476585,7,160287.6036,0.6542628
42955,40922,476585,145,62342.73564,NA
42954,40777,476585,26,193484.4804,NA
42953,40751,476585,35,39987.46524,NA
42952,40716,476585,111,18358.31328,NA
42951,40605,476585,48,0,NA
42950,40557,476585,360,68265.80244,NA
42949,40197,476585,122,74813.26224,0.6486204
42948,40075,476585,31,36810.81036,NA
42947,40044,476585,45,38716.15488,NA
42946,39999,476585,128,72017.18316,NA
42945,39871,476585,39,83499.20016,NA
42944,39832,476585,107,29197.3914,NA
42943,39725,476585,227,36480.24396,NA
42942,39498,476585,117,10273.1855,0.643273
42941,39381,476585,51,34626.74496,NA
42940,39330,476585,40,34816.50348,NA
42939,39290,476585,82,11249.11884,NA
42938,39208,476585,84,8309.68056,NA
42937,39124,476585,309,33063.31608,NA
42936,38815,476585,136,7101.185652,NA
42935,38679,476585,39,17610.99384,0.6378492
42934,38640,476585,11,34210.04076,NA
42933,38629,476585,4,21749.91672,NA
42932,38625,476585,25,14787.15804,NA
42931,38600,476585,27,124712.7228,NA
42930,38573,476585,39,123352.5072,NA
42929,38534,476585,85,22485.43332,NA
42928,38449,476585,33,20658.50388,0.631309
42927,38416,476585,4,13493.45292,NA
42926,38412,476585,1,24886.31736,NA
42925,38411,476585,37,22431.64908,NA
42924,38374,476585,38,13376.28396,NA
42923,38336,476585,17,14037.47436,NA
42922,38319,476585,87,8705.98662,NA
42921,38232,476585,25,5935.181616,0.6235285
42920,38207,476585,1,7493.72106,NA
42919,38206,476585,16,11259.83449,NA
42918,38190,476585,-11,10919.61355,NA
42917,38201,476585,27,13661.90604,NA
42916,38174,476585,10,14515.66212,NA
42915,38164,476585,30,12679.34124,NA
42914,38134,476585,-341,8443.96818,0.6161681
42913,38475,476585,16,18391.65048,NA
42912,38459,476585,301,11294.88518,NA
42911,38158,476585,-262,22305.39264,NA
42910,38420,476585,29,2890.1049,NA
42909,38391,476585,32,2928.192996,NA
42908,38359,476585,18,1686.233316,NA
42907,38341,476585,41,2035.078932,0.6063483
42906,38300,476585,41,693.8544876,NA
42905,38259,476585,7,1567.06134,NA
42904,38252,476585,12,0,NA
42903,38240,476585,10,1247.660232,NA
42902,38230,476585,46,1934.675268,NA
42901,38184,476585,0,932.60952,NA
42900,38184,476585,0,948.6952656,0.5937714
42899,38184,476585,2,2337.803628,NA
42898,38182,476585,8,1732.120668,NA
42897,38174,476585,14,1917.457332,NA
42896,38160,476585,42,1598.8341,NA
42895,38118,476585,10,2344.900548,NA
42894,38108,476585,11,2518.885956,NA
42893,38097,476585,37,1591.958028,0.5734272
42892,38060,476585,2,15836.46324,NA
42891,38058,476585,16,0,NA
42890,38042,476585,20,977.5899108,NA
42889,38022,476585,16,2740.322496,NA
42888,38006,476585,20,2547.376716,NA
42887,37986,476585,24,1712.732952,NA
42886,37962,476585,34,7412.30436,0.5505834
42885,37928,476585,5,2428.121304,NA
42884,37923,476585,-12,3295.376424,NA
42883,37935,476585,78,3527.317656,NA
42882,37857,476585,26,2166.64074,NA
42881,37831,476585,16,2553.60456,NA
42880,37815,476585,28,1634.07528,NA
42879,37787,476585,18,1890.697488,0.5332981
42878,37769,476585,6,1016.028932,NA
42877,37763,476585,5,3087.912444,NA
42876,37758,476585,11,3710.304936,NA
42875,37747,476585,14,3843.94026,NA
42874,37733,476585,20,1002.90047,NA
42873,37713,476585,21,2884.884468,NA
42872,37692,476585,2,1405.771812,0.5013446
42871,37690,476585,20,1703.364804,NA
42870,37670,476585,10,2877.118848,NA
42869,37660,476585,721,2325.247176,NA
42868,36939,476585,-672,2621.145996,NA
42867,37611,476585,32,1813.06578,NA
42866,37579,476585,35,0,NA
42865,37544,476585,24,1282.214556,0.4595473
42864,37520,476585,75,1439.40726,NA
42863,37445,476585,12,0,NA
42862,37433,476585,27,2089.172736,NA
42861,37406,476585,46,1015.85299,NA
42860,37360,476585,21,883.132182,NA
42859,37339,476585,18,1460.8752,NA
42858,37321,476585,220,2295.166008,0.4138147
42857,37101,476585,38,6326.377284,NA
42856,37063,476585,34,3472.304616,NA
42855,37029,476585,33,2443.05984,NA
42854,36996,476585,52,2568.306708,NA
42853,36944,476585,15,3041.038488,NA
42852,36929,476585,7,2874.80118,NA
42851,36922,476585,-9,5800.926996,0.3701446
42850,36931,476585,22,2019.74598,NA
42849,36909,476585,6,7013.075604,NA
42848,36903,476585,27,3697.074492,NA
42847,36876,476585,-10,4342.585956,NA
42846,36886,476585,31,2386.032252,NA
42845,36855,476585,40,4590.436764,NA
42844,36815,476585,32,6912.726096,0.3325681
42843,36783,476585,46,4814.500848,NA
42842,36737,476585,228,11495.82157,NA
42841,36509,476585,28,4605.54336,NA
42840,36481,476585,41,6646.922736,NA
42839,36440,476585,32,1956.957108,NA
42838,36408,476585,21,6521.7336,NA
42837,36387,476585,28,6937.645296,0.2978965
42836,36359,476585,30,4154.361684,NA
42835,36329,476585,11,5113.771152,NA
42834,36318,476585,40,1697.086176,NA
42833,36278,476585,34,6676.254636,NA
42832,36244,476585,7,4590.976104,NA
42831,36237,476585,45,5034.164148,NA
42830,36192,476585,8,3323.706876,0.256867
42829,36184,476585,83,981.3114372,NA
42828,36101,476585,-42,0,NA
42827,36143,476585,17,5022.561228,NA
42826,36126,476585,66,0,NA
42825,36060,476585,23,8525.024268,NA
42824,36037,476585,50,9979.747884,NA
42823,35987,476585,5,7385.913492,0.2202186
42822,35982,476585,120,18586.25544,NA
42821,35862,476585,9,0,NA
42820,35853,476585,24,6104.917884,NA
42819,35829,476585,16,4517.666856,NA
42818,35813,476585,33,6861.948804,NA
42817,35780,476585,14,4239.308736,NA
42816,35766,476585,4,6338.186436,0.1820292
42815,35762,476585,19,5338.278732,NA
42814,35743,476585,38,0,NA
42813,35705,476585,21,2308.129488,NA
42812,35684,476585,32,7585.17018,NA
42811,35652,476585,44,1272.8583,NA
42810,35608,476585,27,758.6736996,NA
42809,35581,476585,46,1507.374396,0.14943
42808,35535,476585,19,2787.969144,NA
42807,35516,476585,34,1798.266419,NA
42806,35482,476585,49,5564.28246,NA
42805,35433,476585,39,1045.036104,NA
42804,35394,476585,105,7670.801772,NA
42803,35289,476585,148,14261.31576,NA
42802,35141,476585,60,13130.37336,0.1105881
42801,35081,476585,59,8849.377152,NA
42800,35022,476585,15,0,NA
42799,35007,476585,42,20612.08092,NA
42798,34965,476585,27,13777.94328,NA
42797,34938,476585,49,13854.22044,NA
42796,34889,476585,10,0,NA
42795,34879,476585,153,0,0.0874765
42794,34726,476585,13,15593.3154,NA
42793,34713,476585,35,0,NA
42792,34678,476585,83,30504.6708,NA
42791,34595,476585,26,18636.4662,NA
42790,34569,476585,33,15116.81016,NA
42789,34536,476585,215,5486.457564,NA
42788,34321,476585,22,11116.52988,0.0634044
42787,34299,476585,14,4876.636992,NA
42786,34285,476585,51,10520.82532,NA
42785,34234,476585,21,5426.540004,NA
42784,34213,476585,74,7240.856532,NA
42783,34139,476585,173,9719.916756,NA
42782,33966,476585,37,0,NA
42781,33929,476585,78,0,0.0456681
42780,33851,476585,56,5249.993688,NA
42779,33795,476585,20,0,NA
42778,33775,476585,89,5414.40234,NA
42777,33686,476585,116,29972.10648,NA
42776,33570,476585,117,11625.47068,NA
42775,33453,476585,62,13822.92948,NA
42774,33391,476585,133,21855.87312,NA
42773,33258,476585,207,23866.37436,NA
42772,33051,476585,203,63723.48648,NA
42771,32848,476585,66,6084.004212,NA
42770,32782,476585,242,33108.28236,NA
42769,32540,476585,152,16215.61716,NA
42768,32388,476585,48,54952.61808,NA
42767,32340,476585,165,9065.243508,NA
42766,32175,476585,391,7304.359632,NA
42765,31784,476585,127,14633.2308,NA
42764,31657,476585,190,22073.30184,NA
42763,31467,476585,72,7617.033396,NA
42762,31395,476585,258,21477.62544,NA
42761,31137,476585,110,10645.43935,NA
42760,31027,476585,148,17338.02108,NA
42759,30879,476585,169,38325.1146,NA
42758,30710,476585,130,46831.89996,NA
42757,30580,476585,244,26094.24048,NA
42756,30336,476585,186,36017.03592,NA
42755,30150,476585,453,77120.6862,NA
42754,29697,476585,357,58259.42412,NA
42753,29340,476585,198,0,NA
42752,29142,476585,185,36984.82836,NA
42751,28957,476585,103,34087.32108,NA
42750,28854,476585,409,41048.83836,NA
42749,28445,476585,326,68770.3056,NA
42748,28119,476585,461,38589.32628,NA
42747,27658,476585,793,16643.69676,NA
42746,26865,476585,478,25687.66224,0.0056024
42745,26387,476585,347,49535.7486,NA
42744,26040,476585,143,15976.2,NA
42743,25897,476585,436,50465.13096,NA
42742,25461,476585,335,50679.18948,NA
42741,25126,476585,129,34164.94992,NA
42740,24997,476585,772,10762.80704,NA
42739,24225,476585,109,37871.73228,NA
42738,24116,476585,302,23113.62096,NA
42737,23814,476585,297,39256.03956,NA
42736,23517,476585,698,25911.94188,NA
42735,22819,476585,111,62059.19664,NA
42734,22708,476585,310,82123.78248,NA
42733,22398,476585,143,9435.305388,NA
42732,22255,476585,190,19944.74412,NA
42731,22065,476585,308,20171.77644,NA
42730,21757,476585,532,19305.00456,NA
42729,21225,476585,669,37684.36224,NA
42728,20556,476585,79,32426.01504,NA
42727,20477,476585,454,90815.17608,NA
42726,20023,476585,396,54916.64232,NA
42725,19627,476585,239,23718.65964,NA
42724,19388,476585,512,13815.89988,NA
42723,18876,476585,705,16405.3428,NA
42722,18171,476585,284,13082.4072,NA
42721,17887,476585,373,22746.24396,NA
42720,17514,476585,232,25095.68616,NA
42719,17282,476585,652,34357.92444,NA
42718,16630,476585,507,30637.61796,NA
42717,16123,476585,429,16148.81184,NA
42716,15694,476585,416,76086.645,NA
42715,15278,476585,151,54228.58644,NA
42714,15127,476585,586,59047.93219,NA
42713,14541,476585,79,24146.17008,NA
42712,14462,476585,217,52203.4662,NA
42711,14245,476585,168,24627.06432,NA
42710,14077,476585,406,0,NA
42709,13671,476585,106,0,NA
42708,13565,476585,229,0,NA
42707,13336,476585,259,21776.89464,NA
42706,13077,476585,286,0,NA
42705,12791,476585,93,0,NA
42704,12698,476585,325,0,NA
42703,12373,476585,160,0,NA
42702,12213,476585,165,0,NA
42701,12048,476585,258,0,NA
42700,11790,476585,48,0,NA
42699,11742,476585,61,0,NA
42698,11681,476585,50,0,NA
42697,11631,476585,102,0,NA
42696,11529,476585,94,0,NA
42695,11435,476585,92,0,NA
42694,11343,476585,72,0,NA
42693,11271,476585,113,0,NA
42692,11158,476585,74,0,NA
42691,11084,476585,88,0,NA
42690,10996,476585,82,0,NA
42689,10914,476585,69,21737.83668,NA
42688,10845,476585,25,0,NA
42687,10820,476585,131,0,NA
42686,10689,476585,37,0,NA
42685,10652,476585,63,0,NA
42684,10589,476585,93,0,NA
42683,10496,476585,86,0,NA
42682,10410,476585,82,8751.436056,NA
42681,10328,476585,54,0,NA
42680,10274,476585,64,0,NA
42679,10210,476585,91,0,NA
42678,10119,476585,80,0,NA
42677,10039,476585,67,0,NA
42676,9972,476585,42,0,NA
42675,9930,476585,54,14825.86548,NA
42674,9876,476585,44,0,NA
42673,9832,476585,45,0,NA
42672,9787,476585,74,4216.396992,NA
42671,9713,476585,63,0,NA
42670,9650,476585,64,0,NA
42669,9586,476585,36,0,NA
42668,9550,476585,43,8692.441824,NA
42667,9507,476585,46,0,NA
42666,9461,476585,71,0,NA
42665,9390,476585,45,2583.593808,NA
42664,9345,476585,59,0,NA
42663,9286,476585,42,0,NA
42662,9244,476585,64,0,NA
42661,9180,476585,65,0,NA
42660,9115,476585,33,0,NA
42659,9082,476585,79,0,NA
42658,9003,476585,41,0,NA
42657,8962,476585,45,0,NA
42656,8917,476585,27,0,NA
42655,8890,476585,39,0,NA
42654,8851,476585,49,0,NA
42653,8802,476585,27,0,NA
42652,8775,476585,56,0,NA
42651,8719,476585,49,0,NA
42650,8670,476585,60,0,NA
42649,8610,476585,29,0,NA
42648,8581,476585,61,0,NA
42647,8520,476585,51,0,NA
42646,8469,476585,43,0,NA
42645,8426,476585,36,0,NA
42644,8390,476585,45,0,NA
42643,8345,476585,66,0,NA
42642,8279,476585,42,0,NA
42641,8237,476585,40,0,NA
42640,8197,476585,36,0,NA
42639,8161,476585,26,0,NA
42638,8135,476585,53,0,NA
42637,8082,476585,45,0,NA
42636,8037,476585,62,0,NA
42635,7975,476585,49,0,NA
42634,7926,476585,43,0,NA
42633,7883,476585,49,0,NA
42632,7834,476585,38,0,NA
42631,7796,476585,44,0,NA
42630,7752,476585,51,0,NA
42629,7701,476585,48,0,NA
42628,7653,476585,32,0,NA
42627,7621,476585,35,0,NA
42626,7586,476585,44,0,NA
42625,7542,476585,35,0,NA
42624,7507,476585,24,0,NA
42623,7483,476585,56,0,NA
42622,7427,476585,53,0,NA
42621,7374,476585,48,0,NA
42620,7326,476585,44,0,NA
42619,7282,476585,27,0,NA
42618,7255,476585,23,0,NA
42617,7232,476585,54,0,NA
42616,7178,476585,73,0,NA
42615,7105,476585,59,0,NA
42614,7046,476585,96,0,NA
42613,6950,476585,66,0,NA
42612,6884,476585,58,0,NA
42611,6826,476585,64,0,NA
42610,6762,476585,63,0,NA
42609,6699,476585,82,0,NA
42608,6617,476585,54,0,NA
42607,6563,476585,72,0,NA
42606,6491,476585,83,0,NA
42605,6408,476585,55,0,NA
42604,6353,476585,37,0,NA
42603,6316,476585,77,0,NA
42602,6239,476585,88,0,NA
42601,6151,476585,75,0,NA
42600,6076,476585,66,0,NA
42599,6010,476585,67,0,NA
42598,5943,476585,105,0,NA
42597,5838,476585,58,0,NA
42596,5780,476585,52,0,NA
42595,5728,476585,87,0,NA
42594,5641,476585,111,0,NA
42593,5530,476585,98,0,NA
42592,5432,476585,112,0,NA
42591,5320,476585,91,0,NA
42590,5229,476585,59,0,NA
42589,5170,476585,69,0,NA
42588,5101,476585,101,0,NA
42587,5000,476585,111,0,NA
42586,4889,476585,101,0,NA
42585,4788,476585,92,0,NA
42584,4696,476585,69,0,NA
42583,4627,476585,51,0,NA
42582,4576,476585,44,0,NA
42581,4532,476585,82,0,NA
42580,4450,476585,61,0,NA
42579,4389,476585,72,0,NA
42578,4317,476585,52,0,NA
42577,4265,476585,88,0,NA
42576,4177,476585,58,0,NA
42575,4119,476585,48,0,NA
42574,4071,476585,90,0,NA
42573,3981,476585,76,0,NA
42572,3905,476585,71,0,NA
42571,3834,476585,98,0,NA
42570,3736,476585,80,0,NA
42569,3656,476585,82,0,NA
42568,3574,476585,54,0,NA
42567,3520,476585,64,0,NA
42566,3456,476585,83,0,NA
42565,3373,476585,58,0,NA
42564,3315,476585,68,0,NA
42563,3247,476585,75,0,NA
42562,3172,476585,42,0,NA
42561,3130,476585,66,0,NA
42560,3064,476585,94,0,NA
42559,2970,476585,76,0,NA
42558,2894,476585,68,0,NA
42557,2826,476585,56,0,NA
42556,2770,476585,73,0,NA
42555,2697,476585,48,0,NA
42554,2649,476585,83,0,NA
42553,2566,476585,78,0,NA
42552,2488,476585,76,0,NA
42551,2412,476585,70,0,NA
42550,2342,476585,50,0,NA
42549,2292,476585,42,0,NA
42548,2250,476585,39,0,NA
42547,2211,476585,37,0,NA
42546,2174,476585,53,0,NA
42545,2121,476585,50,0,NA
42544,2071,476585,42,0,NA
42543,2029,476585,36,0,NA
42542,1993,476585,43,0,NA
42541,1950,476585,60,0,NA
42540,1890,476585,33,0,NA
42539,1857,476585,38,0,NA
42538,1819,476585,29,0,NA
42537,1790,476585,26,0,NA
42536,1764,476585,24,0,NA
42535,1740,476585,20,0,NA
42534,1720,476585,24,0,NA
42533,1696,476585,11,0,NA
42532,1685,476585,17,0,NA
42531,1668,476585,13,0,NA
42530,1655,476585,16,0,NA
42529,1639,476585,27,0,NA
42528,1612,476585,31,0,NA
42527,1581,476585,25,0,NA
42526,1556,476585,28,0,NA
42525,1528,476585,28,0,NA
42524,1500,476585,36,0,NA
42523,1464,476585,26,0,NA
42522,1438,451570,18,0,NA
42521,1420,451570,13,0,NA
42520,1407,451570,16,0,NA
42519,1391,451570,19,0,NA
42518,1372,451570,32,0,NA
42517,1340,451570,25,0,NA
42516,1315,451570,21,0,NA
42515,1294,451570,12,0,NA
42514,1282,451570,20,0,NA
42513,1262,451570,21,0,NA
42512,1241,451570,21,0,NA
42511,1220,451570,28,0,NA
42510,1192,451570,27,0,NA
42509,1165,451570,30,0,NA
42508,1135,451570,17,0,NA
42507,1118,451570,18,0,NA
42506,1100,451570,22,0,NA
42505,1078,451570,23,0,NA
42504,1055,451570,23,0,NA
42503,1032,451570,19,0,NA
42502,1013,451570,34,0,NA
42501,979,451570,15,0,NA
42500,964,451570,15,0,NA
42499,949,451570,18,0,NA
42498,931,451570,23,0,NA
42497,908,451570,18,0,NA
42496,890,451570,27,0,NA
42495,863,451570,16,0,NA
42494,847,451570,40,0,NA
42493,807,451570,29,0,NA
42492,778,451570,19,0,NA
42491,759,451570,10,0,NA
42490,749,451570,25,0,NA
42489,724,451570,26,0,NA
42488,698,451570,16,0,NA
42487,682,451570,24,0,NA
42486,658,451570,42,0,NA
42485,616,451570,43,0,NA
42484,573,451570,9,0,NA
42483,564,451570,29,0,NA
42482,535,451570,43,0,NA
42481,492,451570,50,0,NA
42480,442,451570,13,0,NA
42479,429,451570,41,0,NA
42478,388,451570,14,0,NA
42477,374,451570,14,0,NA
42476,360,451570,13,0,NA
42475,347,451570,18,0,NA
42474,329,451570,15,0,NA
42473,314,451570,19,0,NA
42472,295,451570,11,0,NA
42471,284,451570,17,0,NA
42470,267,451570,9,0,NA
42469,258,451570,15,0,NA
42468,243,451570,13,0,NA
42467,230,451570,19,0,NA
42466,211,451570,9,0,NA
42465,202,451570,13,0,NA
42464,189,451570,7,0,NA
42463,182,451570,8,0,NA
42462,174,451570,10,0,NA
42461,164,451570,13,0,NA
42460,151,451570,7,0,NA
42459,144,451570,10,0,NA
42458,134,451570,25,0,NA