Zip Code,Date,Cases to Date,Population,New Cases,Viral RNA Concentration (copies/liter of wastewater),Proportion of Population Fully Vaccinated
94607,2/17/23,6877,26646,0,583751.7, 
94607,2/16/23,6877,26646,0, , 
94607,2/15/23,6877,26646,2,493351.2, 
94607,2/14/23,6875,26646,18,359171.5,0.816128
94607,2/13/23,6857,26646,0, , 
94607,2/12/23,6857,26646,0, , 
94607,2/11/23,6857,26646,3, , 
94607,2/10/23,6854,26646,0, , 
94607,2/9/23,6854,26646,0,306816.7, 
94607,2/8/23,6854,26646,3,344193.1, 
94607,2/7/23,6851,26646,9,363086.4,0.815942
94607,2/6/23,6842,26646,0, , 
94607,2/5/23,6842,26646,0, , 
94607,2/4/23,6842,26646,0, , 
94607,2/3/23,6842,26646,868, , 
94607,2/2/23,5974,26646,-879,495683.1, 
94607,2/1/23,6853,26646,1,373867.1, 
94607,1/31/23,6852,26646,0,344581.8,0.815569
94607,1/30/23,6852,26646,7, , 
94607,1/29/23,6845,26646,0, , 
94607,1/28/23,6845,26646,0, , 
94607,1/27/23,6845,26646,2, , 
94607,1/26/23,6843,26646,4,310813, 
94607,1/25/23,6839,26646,0,241839.9, 
94607,1/24/23,6839,26646,2,207259.669,0.815382
94607,1/23/23,6837,26646,0, , 
94607,1/22/23,6837,26646,0, , 
94607,1/21/23,6837,26646,0, , 
94607,1/20/23,6837,26646,-2, , 
94607,1/19/23,6839,26646,7,168224.9908, 
94607,1/18/23,6832,26646,0,112604.2, 
94607,1/17/23,6832,26646,10,72706.3,0.814935
94607,1/16/23,6822,26646,0, , 
94607,1/15/23,6822,26646,0, , 
94607,1/14/23,6822,26646,0, , 
94607,1/13/23,6822,26646,0, , 
94607,1/12/23,6822,26646,7,86470.4, 
94607,1/11/23,6815,26646,0,88675.3, 
94607,1/10/23,6815,26646,6,91646.6,0.814749
94607,1/9/23,6809,26646,0, , 
94607,1/8/23,6809,26646,0, , 
94607,1/7/23,6809,26646,0, , 
94607,1/6/23,6809,26646,0, , 
94607,1/5/23,6809,26646,11,186703.1047, 
94607,1/4/23,6798,26646,11,344445.343, 
94607,1/3/23,6787,26646,0,320877.2786,0.814562
94607,1/2/23,6787,26646,0, , 
94607,1/1/23,6787,26646,0, , 
94607,12/31/22,6787,26646,3, , 
94607,12/30/22,6784,26646,3,551051.9206, 
94607,12/29/22,6781,26646,3,692807.6, 
94607,12/28/22,6778,26646,0,263790.1459, 
94607,12/27/22,6778,26646,24, ,0.814338
94607,12/26/22,6754,26646,0, , 
94607,12/25/22,6754,26646,0, , 
94607,12/24/22,6754,26646,0, , 
94607,12/23/22,6754,26646,0, , 
94607,12/22/22,6754,26646,4,840709.7778, 
94607,12/21/22,6750,26646,2,923742.1672, 
94607,12/20/22,6748,26646,23,577151.6,0.814227
94607,12/19/22,6725,26646,0, , 
94607,12/18/22,6725,26646,0, , 
94607,12/17/22,6725,26646,0, , 
94607,12/16/22,6725,26646,0, , 
94607,12/15/22,6725,26646,0,1020300.7, 
94607,12/14/22,6725,26646,5,689352.2, 
94607,12/13/22,6720,26646,6,583060.9,0.813854
94607,12/12/22,6714,26646,24, , 
94607,12/11/22,6690,26646,0, , 
94607,12/10/22,6690,26646,0, , 
94607,12/9/22,6690,26646,17, , 
94607,12/8/22,6673,26646,3,1039342.712, 
94607,12/7/22,6670,26646,1,2225464.4, 
94607,12/6/22,6669,26646,3,710962.4,0.813667
94607,12/5/22,6666,26646,19, , 
94607,12/4/22,6647,26646,0, , 
94607,12/3/22,6647,26646,0, , 
94607,12/2/22,6647,26646,21, , 
94607,12/1/22,6626,26646,0,858883.7, 
94607,11/30/22,6626,26646,1,236627, 
94607,11/29/22,6625,26646,22,772601.0539,0.813183
94607,11/28/22,6603,26646,0, , 
94607,11/27/22,6603,26646,0, , 
94607,11/26/22,6603,26646,0, , 
94607,11/25/22,6603,26646,0, , 
94607,11/24/22,6603,26646,898, , 
94607,11/23/22,5705,26646,-892,1253564.209, 
94607,11/22/22,6597,26646,0,933124.5117,0.813034
94607,11/21/22,6597,26646,6,395721.4966, 
94607,11/20/22,6591,26646,0, , 
94607,11/19/22,6591,26646,0, , 
94607,11/18/22,6591,26646,12, , 
94607,11/17/22,6579,26646,11,614842.9, 
94607,11/16/22,6568,26646,0,377634.2367, 
94607,11/15/22,6568,26646,0,362221.8018,0.812884
94607,11/14/22,6568,26646,7, , 
94607,11/13/22,6561,26646,0, , 
94607,11/12/22,6561,26646,0, , 
94607,11/11/22,6561,26646,0, , 
94607,11/10/22,6561,26646,6,324299.5402, 
94607,11/9/22,6555,26646,22,293769.4194, 
94607,11/8/22,6533,26646,0,282781.3822,0.812623
94607,11/7/22,6533,26646,3, , 
94607,11/6/22,6530,26646,0, , 
94607,11/5/22,6530,26646,840, , 
94607,11/4/22,5690,26646,-834, , 
94607,11/3/22,6524,26646,6,711014.3, 
94607,11/2/22,6518,26646,0,270713.6536, 
94607,11/1/22,6518,26646,2,265031.5908,0.812251
94607,10/31/22,6516,26646,-87, , 
94607,10/30/22,6603,26646,0, , 
94607,10/29/22,6603,26646,0, , 
94607,10/28/22,6603,26646,0, , 
94607,10/27/22,6603,26646,11,40831.75023, 
94607,10/26/22,6592,26646,8,166338.4603, 
94607,10/25/22,6584,26646,0,206058.1,0.811729
94607,10/24/22,6584,26646,0, , 
94607,10/23/22,6584,26646,0, , 
94607,10/22/22,6584,26646,0, , 
94607,10/21/22,6584,26646,445, , 
94607,10/20/22,6139,26646,-416,231036.6, 
94607,10/19/22,6555,26646,0,159995.8, 
94607,10/18/22,6555,26646,3,180701.6,0.811468
94607,10/17/22,6552,26646,0, , 
94607,10/16/22,6552,26646,0, , 
94607,10/15/22,6552,26646,0, , 
94607,10/14/22,6552,26646,1925,23143.5, 
94607,10/13/22,4627,26646,-1916,228059.9, 
94607,10/12/22,6543,26646,0, , 
94607,10/11/22,6543,26646,4,162043.3333,0.81117
94607,10/10/22,6539,26646,0, , 
94607,10/9/22,6539,26646,0, , 
94607,10/8/22,6539,26646,0, , 
94607,10/7/22,6539,26646,0, , 
94607,10/6/22,6539,26646,-428,202056.6667, 
94607,10/5/22,6967,26646,1986,230060, 
94607,10/4/22,4981,26646,-1528,404871.8709,0.810461
94607,10/3/22,6509,26646,0, , 
94607,10/2/22,6509,26646,0, , 
94607,10/1/22,6509,26646,0, , 
94607,9/30/22,6509,26646,5, , 
94607,9/29/22,6504,26646,2,303235.0566, 
94607,9/28/22,6502,26646,2,218610.106, 
94607,9/27/22,6500,26646,4,260147.6816,0.80979
94607,9/26/22,6496,26646,9, , 
94607,9/25/22,6487,26646,0, , 
94607,9/24/22,6487,26646,0, , 
94607,9/23/22,6487,26646,5, , 
94607,9/22/22,6482,26646,-220,353773.3561, 
94607,9/21/22,6702,26646,-48,218359.3038, 
94607,9/20/22,6750,26646,-404,186070.933,0.809156
94607,9/19/22,7154,26646,408, , 
94607,9/18/22,6746,26646,0, , 
94607,9/17/22,6746,26646,0, , 
94607,9/16/22,6746,26646,164, , 
94607,9/15/22,6582,26646,59,303237.4573, 
94607,9/14/22,6523,26646,94,72834.16367, 
94607,9/13/22,6429,26646,0,262605.7892,0.808448
94607,9/12/22,6429,26646,12, , 
94607,9/11/22,6417,26646,0, , 
94607,9/10/22,6417,26646,0, , 
94607,9/9/22,6417,26646,11, , 
94607,9/8/22,6406,26646,5,317321.4823, 
94607,9/7/22,6401,26646,12,118028.0724, 
94607,9/6/22,6389,26646,0,379438.1205,0.808224
94607,9/5/22,6389,26646,0, , 
94607,9/4/22,6389,26646,0, , 
94607,9/3/22,6389,26646,0, , 
94607,9/2/22,6389,26646,0,308740.3361, 
94607,9/1/22,6389,26646,6,331442.9016, 
94607,8/31/22,6383,26646,-9, , 
94607,8/30/22,6392,26646,-4,57709.60744,0.807516
94607,8/29/22,6396,26646,-14, , 
94607,8/28/22,6410,26646,0, , 
94607,8/27/22,6410,26646,0, , 
94607,8/26/22,6410,26646,6, , 
94607,8/25/22,6404,26646,35,198738.678, 
94607,8/24/22,6369,26646,0, , 
94607,8/23/22,6369,26646,0,159243.2251,0.80677
94607,8/22/22,6369,26646,0, , 
94607,8/21/22,6369,26646,0, , 
94607,8/20/22,6369,26646,0, , 
94607,8/19/22,6369,26646,4, , 
94607,8/18/22,6365,26646,6,1004408.875, 
94607,8/17/22,6359,26646,7,296417.6534, 
94607,8/16/22,6352,26646,24,407005.6356,0.805876
94607,8/15/22,6328,26646,0, , 
94607,8/14/22,6328,26646,0, , 
94607,8/13/22,6328,26646,4, , 
94607,8/12/22,6324,26646,10, , 
94607,8/11/22,6314,26646,0,398591.9291, 
94607,8/10/22,6314,26646,-2,561715.861, 
94607,8/9/22,6316,26646,2,489630.3507,0.80472
94607,8/8/22,6314,26646,21, , 
94607,8/7/22,6293,26646,0, , 
94607,8/6/22,6293,26646,0, , 
94607,8/5/22,6293,26646,-19, , 
94607,8/4/22,6312,26646,0,680603.8208, 
94607,8/3/22,6312,26646,0,551759.786, 
94607,8/2/22,6312,26646,0,584372.3755,0.803974
94607,8/1/22,6312,26646,47, , 
94607,7/31/22,6265,26646,0, , 
94607,7/30/22,6265,26646,0, , 
94607,7/29/22,6265,26646,0, , 
94607,7/28/22,6265,26646,14,775052.0833, 
94607,7/27/22,6251,26646,0,760675.6795, 
94607,7/26/22,6251,26646,28,850038.4725,0.803042
94607,7/25/22,6223,26646,0, , 
94607,7/24/22,6223,26646,0, , 
94607,7/23/22,6223,26646,0, , 
94607,7/22/22,6223,26646,1, , 
94607,7/21/22,6222,26646,34,1023311.849, 
94607,7/20/22,6188,26646,92,865918.2739, 
94607,7/19/22,6096,26646,0,788615.8244,0.801812
94607,7/18/22,6096,26646,0, , 
94607,7/17/22,6096,26646,0, , 
94607,7/16/22,6096,26646,0, , 
94607,7/15/22,6096,26646,0,677871.1548, 
94607,7/14/22,6096,26646,19,767148.702, 
94607,7/13/22,6077,26646,15, , 
94607,7/12/22,6062,26646,49,971001.4242,0.801029
94607,7/11/22,6013,26646,0, , 
94607,7/10/22,6013,26646,0, , 
94607,7/9/22,6013,26646,0, , 
94607,7/8/22,6013,26646,37, , 
94607,7/7/22,5976,26646,0,1051236.369, 
94607,7/6/22,5976,26646,36,1200787.842, 
94607,7/5/22,5940,26646,0,1410568.97,0.800395
94607,7/4/22,5940,26646,9, , 
94607,7/3/22,5931,26646,0, , 
94607,7/2/22,5931,26646,2, , 
94607,7/1/22,5929,26646,0,16169.21139, 
94607,6/30/22,5929,26646,23, , 
94607,6/29/22,5906,26646,6,382144.1142, 
94607,6/28/22,5900,26646,44,921979.4312,0.799724
94607,6/27/22,5856,26646,0, , 
94607,6/26/22,5856,26646,0, , 
94607,6/25/22,5856,26646,16, , 
94607,6/24/22,5840,26646,6,311595.1538, 
94607,6/23/22,5834,26646,27,1076807.861, 
94607,6/22/22,5807,26646,0,1043033, 
94607,6/21/22,5807,26646,28, ,0.799389
94607,6/20/22,5779,26646,0, , 
94607,6/19/22,5779,26646,0, , 
94607,6/18/22,5779,26646,47, , 
94607,6/17/22,5732,26646,0, , 
94607,6/16/22,5732,26646,200,741996.6024, 
94607,6/15/22,5532,26646,0,666374.4303, 
94607,6/14/22,5532,26646,0,937569.2952,0.798792
94607,6/13/22,5532,26646,0, , 
94607,6/12/22,5532,26646,0, , 
94607,6/11/22,5532,26646,0, , 
94607,6/10/22,5532,26646,0, , 
94607,6/9/22,5532,26646,0,1239868.612, 
94607,6/8/22,5532,26646,0,641963.1755, 
94607,6/7/22,5532,26646,0,717893.5954,0.798233
94607,6/6/22,5532,26646,0, , 
94607,6/5/22,5532,26646,0, , 
94607,6/4/22,5532,26646,0, , 
94607,6/3/22,5532,26646,0, , 
94607,6/2/22,5532,26646,108,1179195.475, 
94607,6/1/22,5424,26646,-84,623957.1126, 
94607,5/31/22,5508,26646,36,672970.0317,0.797338
94607,5/30/22,5472,26646,-22, , 
94607,5/29/22,5494,26646,34, , 
94607,5/28/22,5460,26646,0, , 
94607,5/27/22,5460,26646,38, , 
94607,5/26/22,5422,26646,13,778138.5498, 
94607,5/25/22,5409,26646,27,897274.5972, 
94607,5/24/22,5382,26646,0,875808.8786,0.796592
94607,5/23/22,5382,26646,-3, , 
94607,5/22/22,5385,26646,6, , 
94607,5/21/22,5379,26646,55, , 
94607,5/20/22,5324,26646,0, , 
94607,5/19/22,5324,26646,-8,675478.1698, 
94607,5/18/22,5332,26646,9,709964.4165, 
94607,5/17/22,5323,26646,2,419306.4168,0.795474
94607,5/16/22,5321,26646,16, , 
94607,5/15/22,5305,26646,15, , 
94607,5/14/22,5290,26646,12, , 
94607,5/13/22,5278,26646,13, , 
94607,5/12/22,5265,26646,13,1226923.014, 
94607,5/11/22,5252,26646,7,539220.9269, 
94607,5/10/22,5245,26646,3,317919.8507,0.79484
94607,5/9/22,5242,26646,8, , 
94607,5/8/22,5234,26646,8, , 
94607,5/7/22,5226,26646,42, , 
94607,5/6/22,5184,26646,11, , 
94607,5/5/22,5173,26646,11,487197.0927, 
94607,5/4/22,5162,26646,9,284118.0725, 
94607,5/3/22,5153,26646,12,361927.8056,0.794169
94607,5/2/22,5141,26646,8, , 
94607,5/1/22,5133,26646,0, , 
94607,4/30/22,5133,26646,18, , 
94607,4/29/22,5115,26646,0, , 
94607,4/28/22,5115,26646,9,413938.7919, 
94607,4/27/22,5106,26646,0,252203.7862, 
94607,4/26/22,5106,26646,55,210315.3025,0.793312
94607,4/25/22,5051,26646,16, , 
94607,4/24/22,5035,26646,0, , 
94607,4/23/22,5035,26646,0, , 
94607,4/22/22,5035,26646,6, , 
94607,4/21/22,5029,26646,5,382689.4328, 
94607,4/20/22,5024,26646,8,1328.845421, 
94607,4/19/22,5016,26646,-2,0,0.792603
94607,4/18/22,5018,26646,4, , 
94607,4/17/22,5014,26646,4, , 
94607,4/16/22,5010,26646,0, , 
94607,4/15/22,5010,26646,4, , 
94607,4/14/22,5006,26646,8,185487.3149, 
94607,4/13/22,4998,26646,0,149434.9009, 
94607,4/12/22,4998,26646,4,43949.37261,0.791224
94607,4/11/22,4994,26646,0, , 
94607,4/10/22,4994,26646,6, , 
94607,4/9/22,4988,26646,0, , 
94607,4/8/22,4988,26646,7, , 
94607,4/7/22,4981,26646,0,100874.057, 
94607,4/6/22,4981,26646,0,75822.22943, 
94607,4/5/22,4981,26646,7,20938.97517,0.790329
94607,4/4/22,4974,26646,0, , 
94607,4/3/22,4974,26646,0, , 
94607,4/2/22,4974,26646,0, , 
94607,4/1/22,4974,26646,0, , 
94607,3/31/22,4974,26646,4,19318.48753, 
94607,3/30/22,4970,26646,7,33659.36139, 
94607,3/29/22,4963,26646,3,25283.69315,0.789136
94607,3/28/22,4960,26646,0, , 
94607,3/27/22,4960,26646,0, , 
94607,3/26/22,4960,26646,0, , 
94607,3/25/22,4960,26646,2, , 
94607,3/24/22,4958,26646,9,45212.20561, 
94607,3/23/22,4949,26646,0,28659.90332, 
94607,3/22/22,4949,26646,1,31748.00982,0.787757
94607,3/21/22,4948,26646,2, , 
94607,3/20/22,4946,26646,0, , 
94607,3/19/22,4946,26646,7, , 
94607,3/18/22,4939,26646,4, , 
94607,3/17/22,4935,26646,10,23265.64998, 
94607,3/16/22,4925,26646,0,60825.21588, 
94607,3/15/22,4925,26646,0,13628.91293,0.786601
94607,3/14/22,4925,26646,0, , 
94607,3/13/22,4925,26646,0, , 
94607,3/12/22,4925,26646,0, , 
94607,3/11/22,4925,26646,17, , 
94607,3/10/22,4908,26646,-9,31602.58718, 
94607,3/9/22,4917,26646,-2,15809.24544, 
94607,3/8/22,4919,26646,-13,10416.33841,0.785557
94607,3/7/22,4932,26646,7, , 
94607,3/6/22,4925,26646,5, , 
94607,3/5/22,4920,26646,0, , 
94607,3/4/22,4920,26646,-1, , 
94607,3/3/22,4921,26646,12,34343.66269, 
94607,3/2/22,4909,26646,0,20169.74298, 
94607,3/1/22,4909,26646,152,27094.78068,0.783619
94607,2/28/22,4757,26646,0, , 
94607,2/27/22,4757,26646,0, , 
94607,2/26/22,4757,26646,0, , 
94607,2/25/22,4757,26646,0,29151.45721, 
94607,2/24/22,4757,26646,0,35977.7854, 
94607,2/23/22,4757,26646,0,43491.76863, 
94607,2/22/22,4757,26646,0, ,0.781344
94607,2/21/22,4757,26646,0, , 
94607,2/20/22,4757,26646,83, , 
94607,2/19/22,4674,26646,0, , 
94607,2/18/22,4674,26646,0, , 
94607,2/17/22,4674,26646,0,20835.39148, 
94607,2/16/22,4674,26646,0,31026.37419, 
94607,2/15/22,4674,26646,-43,68515.1292,0.778325
94607,2/14/22,4717,26646,11, , 
94607,2/13/22,4706,26646,15, , 
94607,2/12/22,4691,26646,14, , 
94607,2/11/22,4677,26646,0, , 
94607,2/10/22,4677,26646,22,52466.71592, 
94607,2/9/22,4655,26646,0,87743.4697, 
94607,2/8/22,4655,26646,26,7835.770273,0.775454
94607,2/7/22,4629,26646,0, , 
94607,2/6/22,4629,26646,12, , 
94607,2/5/22,4617,26646,8, , 
94607,2/4/22,4609,26646,25, , 
94607,2/3/22,4584,26646,76,114586.9144, 
94607,2/2/22,4508,26646,-39, , 
94607,2/1/22,4547,26646,159,83145.18194,0.771688
94607,1/31/22,4388,26646,11, , 
94607,1/30/22,4377,26646,27, , 
94607,1/29/22,4350,26646,47, , 
94607,1/28/22,4303,26646,83, , 
94607,1/27/22,4220,26646,56,233182.3179, 
94607,1/26/22,4164,26646,72,610459.6692, 
94607,1/25/22,4092,26646,64,504948.6902,0.767327
94607,1/24/22,4028,26646,14, , 
94607,1/23/22,4014,26646,37, , 
94607,1/22/22,3977,26646,94, , 
94607,1/21/22,3883,26646,71,561645.6557, 
94607,1/20/22,3812,26646,884,715094.0937, 
94607,1/19/22,2928,26646,8,663041.1063, 
94607,1/18/22,2920,26646,5, ,0.763785
94607,1/17/22,2915,26646,-10, , 
94607,1/16/22,2925,26646,25, , 
94607,1/15/22,2900,26646,-1, , 
94607,1/14/22,2901,26646,19, , 
94607,1/13/22,2882,26646,17, , 
94607,1/12/22,2865,26646,35,746625.8617, 
94607,1/11/22,2830,26646,-5,868830.6855,0.760019
94607,1/10/22,2835,26646,12,829041.0802, 
94607,1/9/22,2823,26646,4, , 
94607,1/8/22,2819,26646,16, , 
94607,1/7/22,2803,26646,145,311173.291, 
94607,1/6/22,2658,26646,-32,388803.382, 
94607,1/5/22,2690,26646,81,455012.7969, 
94607,1/4/22,2609,26646,0, ,0.75398
94607,1/3/22,2609,26646,24, , 
94607,1/2/22,2585,26646,0, , 
94607,1/1/22,2585,26646,0, , 
94607,12/31/21,2585,26646,29, , 
94607,12/30/21,2556,26646,42,126633.0782, 
94607,12/29/21,2514,26646,21,323973.6665, 
94607,12/28/21,2493,26646,32, ,0.75055
94607,12/27/21,2461,26646,48, , 
94607,12/26/21,2413,26646,0, , 
94607,12/25/21,2413,26646,0, , 
94607,12/24/21,2413,26646,30, , 
94607,12/23/21,2383,26646,-3, , 
94607,12/22/21,2386,26646,0, , 
94607,12/21/21,2386,26646,24,19405.86143,0.746486
94607,12/20/21,2362,26646,0, , 
94607,12/19/21,2362,26646,0, , 
94607,12/18/21,2362,26646,12, , 
94607,12/17/21,2350,26646,3, , 
94607,12/16/21,2347,26646,24,55805.57753, 
94607,12/15/21,2323,26646,0,11390.1299, 
94607,12/14/21,2323,26646,0,46193.08431,0.742795
94607,12/13/21,2323,26646,0, , 
94607,12/12/21,2323,26646,0, , 
94607,12/11/21,2323,26646,0, , 
94607,12/10/21,2323,26646,0, , 
94607,12/9/21,2323,26646,0,25800.90175, 
94607,12/8/21,2323,26646,0,29432.59734, 
94607,12/7/21,2323,26646,6,18807.45005,0.733177
94607,12/6/21,2317,26646,12, , 
94607,12/5/21,2305,26646,0, , 
94607,12/4/21,2305,26646,1, , 
94607,12/3/21,2304,26646,7, , 
94607,12/2/21,2297,26646,3,22793.82402, 
94607,12/1/21,2294,26646,1,109880.5888, 
94607,11/30/21,2293,26646,2,9042.988405,0.727249
94607,11/29/21,2291,26646,1, , 
94607,11/28/21,2290,26646,4, , 
94607,11/27/21,2286,26646,-1, , 
94607,11/26/21,2287,26646,0, , 
94607,11/25/21,2287,26646,5, , 
94607,11/24/21,2282,26646,0,8932.129501, 
94607,11/23/21,2282,26646,2,6092.734942,0.724341
94607,11/22/21,2280,26646,4,28115.68915, 
94607,11/21/21,2276,26646,0, , 
94607,11/20/21,2276,26646,3, , 
94607,11/19/21,2273,26646,11, , 
94607,11/18/21,2262,26646,0,12848.8776, 
94607,11/17/21,2262,26646,0,20331.04989, 
94607,11/16/21,2262,26646,0,21036.77694,0.721321
94607,11/15/21,2262,26646,7, , 
94607,11/14/21,2255,26646,0, , 
94607,11/13/21,2255,26646,0, , 
94607,11/12/21,2255,26646,-1, , 
94607,11/11/21,2256,26646,6,17068.8039, 
94607,11/10/21,2250,26646,-1,7647.35174, 
94607,11/9/21,2251,26646,6,26497.24589,0.718264
94607,11/8/21,2245,26646,0, , 
94607,11/7/21,2245,26646,-14, , 
94607,11/6/21,2259,26646,5, , 
94607,11/5/21,2254,26646,2, , 
94607,11/4/21,2252,26646,0,35002.82099, 
94607,11/3/21,2252,26646,13,32107.7254, 
94607,11/2/21,2239,26646,0,19106.10284,0.714536
94607,11/1/21,2239,26646,0, , 
94607,10/31/21,2239,26646,0, , 
94607,10/30/21,2239,26646,0, , 
94607,10/29/21,2239,26646,4, , 
94607,10/28/21,2235,26646,1,39316.73162, 
94607,10/27/21,2234,26646,3,19157.72439, 
94607,10/26/21,2231,26646,7,2640.941858,0.711255
94607,10/25/21,2224,26646,7, , 
94607,10/24/21,2217,26646,0, , 
94607,10/23/21,2217,26646,15, , 
94607,10/22/21,2202,26646,0, , 
94607,10/21/21,2202,26646,0,30321.86676, 
94607,10/20/21,2202,26646,0,28533.68687, 
94607,10/19/21,2202,26646,0,35067.2825,0.707042
94607,10/18/21,2202,26646,0, , 
94607,10/17/21,2202,26646,0, , 
94607,10/16/21,2202,26646,0, , 
94607,10/15/21,2202,26646,0, , 
94607,10/14/21,2202,26646,7,45488.47454, 
94607,10/13/21,2195,26646,0,56429.70345, 
94607,10/12/21,2195,26646,2,26421.54017,0.703091
94607,10/11/21,2193,26646,12, , 
94607,10/10/21,2181,26646,0, , 
94607,10/9/21,2181,26646,6, , 
94607,10/8/21,2175,26646,1, , 
94607,10/7/21,2174,26646,4,172434.8557, 
94607,10/6/21,2170,26646,0,36042.35135, 
94607,10/5/21,2170,26646,0,59043.60539,0.699325
94607,10/4/21,2170,26646,2, , 
94607,10/3/21,2168,26646,4, , 
94607,10/2/21,2164,26646,14, , 
94607,10/1/21,2150,26646,0, , 
94607,9/30/21,2150,26646,1,106199.4978, 
94607,9/29/21,2149,26646,0,36629.14766, 
94607,9/28/21,2149,26646,12,155126.0128,0.694367
94607,9/27/21,2137,26646,0, , 
94607,9/26/21,2137,26646,0, , 
94607,9/25/21,2137,26646,0, , 
94607,9/24/21,2137,26646,0, , 
94607,9/23/21,2137,26646,0,28117.90647, 
94607,9/22/21,2137,26646,0,97419.89003, 
94607,9/21/21,2137,26646,0,35588.83266,0.690266
94607,9/20/21,2137,26646,0, , 
94607,9/19/21,2137,26646,0, , 
94607,9/18/21,2137,26646,0, , 
94607,9/17/21,2137,26646,8, , 
94607,9/16/21,2129,26646,4,111383.3965, 
94607,9/15/21,2125,26646,9,93368.16725, 
94607,9/14/21,2116,26646,0,68779.1471,0.684636
94607,9/13/21,2116,26646,0, , 
94607,9/12/21,2116,26646,9, , 
94607,9/11/21,2107,26646,7, , 
94607,9/10/21,2100,26646,0, , 
94607,9/9/21,2100,26646,13,94140.54322, 
94607,9/8/21,2087,26646,0,95343.42984, 
94607,9/7/21,2087,26646,6,61598.07894,0.678559
94607,9/6/21,2081,26646,6, , 
94607,9/5/21,2075,26646,7, , 
94607,9/4/21,2068,26646,5, , 
94607,9/3/21,2063,26646,11, , 
94607,9/2/21,2052,26646,55,93417.16687, 
94607,9/1/21,1997,26646,0,82432.2494, 
94607,8/31/21,1997,26646,0,69220.53267,0.67211
94607,8/30/21,1997,26646,2, , 
94607,8/29/21,1995,26646,1, , 
94607,8/28/21,1994,26646,21, , 
94607,8/27/21,1973,26646,17, , 
94607,8/26/21,1956,26646,0,93394.79776, 
94607,8/25/21,1956,26646,27, , 
94607,8/24/21,1929,26646,0,86357.36692,0.664243
94607,8/23/21,1929,26646,0, , 
94607,8/22/21,1929,26646,2, , 
94607,8/21/21,1927,26646,22, , 
94607,8/20/21,1905,26646,0, , 
94607,8/19/21,1905,26646,0, , 
94607,8/18/21,1905,26646,5, , 
94607,8/17/21,1900,26646,20,92254.45106,0.658055
94607,8/16/21,1880,26646,4, , 
94607,8/15/21,1876,26646,71, , 
94607,8/14/21,1805,26646,0, , 
94607,8/13/21,1805,26646,0, , 
94607,8/12/21,1805,26646,0,82308.96469, 
94607,8/11/21,1805,26646,0, , 
94607,8/10/21,1805,26646,0,212565.6392,0.652127
94607,8/9/21,1805,26646,18, , 
94607,8/8/21,1787,26646,9, , 
94607,8/7/21,1778,26646,0, , 
94607,8/6/21,1778,26646,20, , 
94607,8/5/21,1758,26646,5,42811.83047, 
94607,8/4/21,1753,26646,35, , 
94607,8/3/21,1718,26646,0,99783.00437,0.647616
94607,8/2/21,1718,26646,4, , 
94607,8/1/21,1714,26646,3, , 
94607,7/31/21,1711,26646,34, , 
94607,7/30/21,1677,26646,0, , 
94607,7/29/21,1677,26646,15,481952.8502, 
94607,7/28/21,1662,26646,0, , 
94607,7/27/21,1662,26646,21,158653.6383,0.64057
94607,7/26/21,1641,26646,-1,1074536.066, 
94607,7/25/21,1642,26646,14, , 
94607,7/24/21,1628,26646,10, , 
94607,7/23/21,1618,26646,15, , 
94607,7/22/21,1603,26646,135,164670.6842, 
94607,7/21/21,1468,26646,0, , 
94607,7/20/21,1468,26646,0,166381.1516,0.634567
94607,7/19/21,1468,26646,0, , 
94607,7/18/21,1468,26646,0, , 
94607,7/17/21,1468,26646,0, , 
94607,7/16/21,1468,26646,0, , 
94607,7/15/21,1468,26646,0,122229.8177, 
94607,7/14/21,1468,26646,0, , 
94607,7/13/21,1468,26646,0,78441.12831,0.627819
94607,7/12/21,1468,26646,0, , 
94607,7/11/21,1468,26646,0, , 
94607,7/10/21,1468,26646,0, , 
94607,7/9/21,1468,26646,0, , 
94607,7/8/21,1468,26646,4,109509.6112, 
94607,7/7/21,1464,26646,3, , 
94607,7/6/21,1461,26646,2,36345.89729,0.621071
94607,7/5/21,1459,26646,0, , 
94607,7/4/21,1459,26646,0, , 
94607,7/3/21,1459,26646,-1, , 
94607,7/2/21,1460,26646,2, , 
94607,7/1/21,1458,26646,0,62691.50618, 
94607,6/30/21,1458,26646,1, , 
94607,6/29/21,1457,26646,-1,32241.75734,0.613764
94607,6/28/21,1458,26646,2, , 
94607,6/27/21,1456,26646,1, , 
94607,6/26/21,1455,26646,9, , 
94607,6/25/21,1446,26646,8, , 
94607,6/24/21,1438,26646,1,20874.55702, 
94607,6/23/21,1437,26646,2, , 
94607,6/22/21,1435,26646,0,47871.84206,0.602319
94607,6/21/21,1435,26646,0,56048.40705, 
94607,6/20/21,1435,26646,0, , 
94607,6/19/21,1435,26646,3, , 
94607,6/18/21,1432,26646,0, , 
94607,6/17/21,1432,26646,3,65961.92236, 
94607,6/16/21,1429,26646,0, , 
94607,6/15/21,1429,26646,0,6207.429374,0.59024
94607,6/14/21,1429,26646,2, , 
94607,6/13/21,1427,26646,3, , 
94607,6/12/21,1424,26646,0, , 
94607,6/11/21,1424,26646,4, , 
94607,6/10/21,1420,26646,0,10781.69937, 
94607,6/9/21,1420,26646,0, , 
94607,6/8/21,1420,26646,3,12647.38013,0.575141
94607,6/7/21,1417,26646,0, , 
94607,6/6/21,1417,26646,1, , 
94607,6/5/21,1416,26646,0, , 
94607,6/4/21,1416,26646,1, , 
94607,6/3/21,1415,26646,3, , 
94607,6/2/21,1412,26646,0, , 
94607,6/1/21,1412,26646,0, ,0.560004
94607,5/31/21,1412,26646,0, , 
94607,5/30/21,1412,26646,1, , 
94607,5/29/21,1411,26646,0, , 
94607,5/28/21,1411,26646,1, , 
94607,5/27/21,1410,26646,2, , 
94607,5/26/21,1408,26646,0, , 
94607,5/25/21,1408,26646,2, ,0.544458
94607,5/24/21,1406,26646,0, , 
94607,5/23/21,1406,26646,0, , 
94607,5/22/21,1406,26646,0, , 
94607,5/21/21,1406,26646,2, , 
94607,5/20/21,1404,26646,1, , 
94607,5/19/21,1403,26646,7, , 
94607,5/18/21,1396,26646,0, ,0.519107
94607,5/17/21,1396,26646,3, , 
94607,5/16/21,1393,26646,0, , 
94607,5/15/21,1393,26646,0, , 
94607,5/14/21,1393,26646,0, , 
94607,5/13/21,1393,26646,3, , 
94607,5/12/21,1390,26646,5, , 
94607,5/11/21,1385,26646,4, ,0.476643
94607,5/10/21,1381,26646,3, , 
94607,5/9/21,1378,26646,0, , 
94607,5/8/21,1378,26646,1, , 
94607,5/7/21,1377,26646,2, , 
94607,5/6/21,1375,26646,-2, , 
94607,5/5/21,1377,26646,0, , 
94607,5/4/21,1377,26646,22, ,0.432502
94607,5/3/21,1355,26646,3, , 
94607,5/2/21,1352,26646,6, , 
94607,5/1/21,1346,26646,4, , 
94607,4/30/21,1342,26646,7, , 
94607,4/29/21,1335,26646,3, , 
94607,4/28/21,1332,26646,-1,91099.03803, 
94607,4/27/21,1333,26646,1, ,0.394661
94607,4/26/21,1332,26646,0, , 
94607,4/25/21,1332,26646,1, , 
94607,4/24/21,1331,26646,-3, , 
94607,4/23/21,1334,26646,2, , 
94607,4/22/21,1332,26646,0, , 
94607,4/21/21,1332,26646,4, , 
94607,4/20/21,1328,26646,3, ,0.367259
94607,4/19/21,1325,26646,4, , 
94607,4/18/21,1321,26646,37, , 
94607,4/17/21,1284,26646,0, , 
94607,4/16/21,1284,26646,0, , 
94607,4/15/21,1284,26646,0, , 
94607,4/14/21,1284,26646,0, , 
94607,4/13/21,1284,26646,0, ,0.337061
94607,4/12/21,1284,26646,0, , 
94607,4/11/21,1284,26646,0, , 
94607,4/10/21,1284,26646,0, , 
94607,4/9/21,1284,26646,0, , 
94607,4/8/21,1284,26646,0, , 
94607,4/7/21,1284,26646,0,80697.03704, 
94607,4/6/21,1284,26646,0, ,0.287291
94607,4/5/21,1284,26646,0, , 
94607,4/4/21,1284,26646,5, , 
94607,4/3/21,1279,26646,0, , 
94607,4/2/21,1279,26646,3, , 
94607,4/1/21,1276,26646,2, , 
94607,3/31/21,1274,26646,-2, , 
94607,3/30/21,1276,26646,0, ,0.230176
94607,3/29/21,1276,26646,11, , 
94607,3/28/21,1265,26646,0, , 
94607,3/27/21,1265,26646,0, , 
94607,3/26/21,1265,26646,6, , 
94607,3/25/21,1259,26646,0, , 
94607,3/24/21,1259,26646,1, , 
94607,3/23/21,1258,26646,3, ,0.172464
94607,3/22/21,1255,26646,4, , 
94607,3/21/21,1251,26646,0, , 
94607,3/20/21,1251,26646,11, , 
94607,3/19/21,1240,26646,4, , 
94607,3/18/21,1236,26646,2, , 
94607,3/17/21,1234,26646,0, , 
94607,3/16/21,1234,26646,1, ,0.133542
94607,3/15/21,1233,26646,0, , 
94607,3/14/21,1233,26646,0, , 
94607,3/13/21,1233,26646,2, , 
94607,3/12/21,1231,26646,2, , 
94607,3/11/21,1229,26646,0, , 
94607,3/10/21,1229,26646,17, , 
94607,3/9/21,1212,26646,0, ,0.089028
94607,3/8/21,1212,26646,0, , 
94607,3/7/21,1212,26646,0, , 
94607,3/6/21,1212,26646,0, , 
94607,3/5/21,1212,26646,0, , 
94607,3/4/21,1212,26646,0, , 
94607,3/3/21,1212,26646,0, , 
94607,3/2/21,1212,26646,9, ,0.071319
94607,3/1/21,1203,26646,0, , 
94607,2/28/21,1203,26646,3, , 
94607,2/27/21,1200,26646,14, , 
94607,2/26/21,1186,26646,0, , 
94607,2/25/21,1186,26646,5, , 
94607,2/24/21,1181,26646,9, , 
94607,2/23/21,1172,26646,0, ,0.051337
94607,2/22/21,1172,26646,0, , 
94607,2/21/21,1172,26646,-2, , 
94607,2/20/21,1174,26646,0, , 
94607,2/19/21,1174,26646,5, , 
94607,2/18/21,1169,26646,4, , 
94607,2/17/21,1165,26646,2, , 
94607,2/16/21,1163,26646,4, ,0.035604
94607,2/15/21,1159,26646,6, , 
94607,2/14/21,1153,26646,1, , 
94607,2/13/21,1152,26646,8, , 
94607,2/12/21,1144,26646,12, , 
94607,2/11/21,1132,26646,0, , 
94607,2/10/21,1132,26646,5, , 
94607,2/9/21,1127,26646,7, , 
94607,2/8/21,1120,26646,10, , 
94607,2/7/21,1110,26646,3, , 
94607,2/6/21,1107,26646,5, , 
94607,2/5/21,1102,26646,3, , 
94607,2/4/21,1099,26646,10, , 
94607,2/3/21,1089,26646,0, , 
94607,2/2/21,1089,26646,9, , 
94607,2/1/21,1080,26646,5, , 
94607,1/31/21,1075,26646,23, , 
94607,1/30/21,1052,26646,5, , 
94607,1/29/21,1047,26646,0, , 
94607,1/28/21,1047,26646,10, , 
94607,1/27/21,1037,26646,0, , 
94607,1/26/21,1037,26646,10, , 
94607,1/25/21,1027,26646,5, , 
94607,1/24/21,1022,26646,19, , 
94607,1/23/21,1003,26646,-7, , 
94607,1/22/21,1010,26646,6, , 
94607,1/21/21,1004,26646,27, , 
94607,1/20/21,977,26646,0, , 
94607,1/19/21,977,26646,0, , 
94607,1/18/21,977,26646,32, , 
94607,1/17/21,945,26646,0, , 
94607,1/16/21,945,26646,33, , 
94607,1/15/21,912,26646,0, , 
94607,1/14/21,912,26646,17, , 
94607,1/13/21,895,26646,18, , 
94607,1/12/21,877,26646,29, ,0.004697
94607,1/11/21,848,26646,24, , 
94607,1/10/21,824,26646,0, , 
94607,1/9/21,824,26646,25, , 
94607,1/8/21,799,26646,6, , 
94607,1/7/21,793,26646,0, , 
94607,1/6/21,793,26646,42, , 
94607,1/5/21,751,26646,0, , 
94607,1/4/21,751,26646,13, , 
94607,1/3/21,738,26646,5, , 
94607,1/2/21,733,26646,0, , 
94607,1/1/21,733,26646,4, , 
94607,12/31/20,729,26646,8, , 
94607,12/30/20,721,26646,0, , 
94607,12/29/20,721,26646,2, , 
94607,12/28/20,719,26646,11, , 
94607,12/27/20,708,26646,-1, , 
94607,12/26/20,709,26646,9, , 
94607,12/25/20,700,26646,0, , 
94607,12/24/20,700,26646,17, , 
94607,12/23/20,683,26646,25, , 
94607,12/22/20,658,26646,0, , 
94607,12/21/20,658,26646,10, , 
94607,12/20/20,648,26646,33, , 
94607,12/19/20,615,26646,0, , 
94607,12/18/20,615,26646,0, , 
94607,12/17/20,615,26646,10, , 
94607,12/16/20,605,26646,3, , 
94607,12/15/20,602,26646,6, , 
94607,12/14/20,596,26646,21, , 
94607,12/13/20,575,26646,0, , 
94607,12/12/20,575,26646,2, , 
94607,12/11/20,573,26646,14, , 
94607,12/10/20,559,26646,11, , 
94607,12/9/20,548,26646,4, , 
94607,12/8/20,544,26646,22, , 
94607,12/7/20,522,26646,22, , 
94607,12/6/20,500,26646,0, , 
94607,12/5/20,500,26646,5, , 
94607,12/4/20,495,26646,9, , 
94607,12/3/20,486,26646,9, , 
94607,12/2/20,477,26646,4, , 
94607,12/1/20,473,26646,0, , 
94607,11/30/20,473,26646,1, , 
94607,11/29/20,472,26646,3, , 
94607,11/28/20,469,26646,6, , 
94607,11/27/20,463,26646,0, , 
94607,11/26/20,463,26646,4, , 
94607,11/25/20,459,26646,0, , 
94607,11/24/20,459,26646,1, , 
94607,11/23/20,458,26646,4, , 
94607,11/22/20,454,26646,3, , 
94607,11/21/20,451,26646,0, , 
94607,11/20/20,451,26646,6, , 
94607,11/19/20,445,26646,4, , 
94607,11/18/20,441,26646,0, , 
94607,11/17/20,441,26646,5, , 
94607,11/16/20,436,26646,4, , 
94607,11/15/20,432,26646,1, , 
94607,11/14/20,431,26646,3, , 
94607,11/13/20,428,26646,-2, , 
94607,11/12/20,430,26646,2, , 
94607,11/11/20,428,26646,2, , 
94607,11/10/20,426,26646,0, , 
94607,11/9/20,426,26646,1, , 
94607,11/8/20,425,26646,1, , 
94607,11/7/20,424,26646,0, , 
94607,11/6/20,424,26646,3, , 
94607,11/5/20,421,26646,1, , 
94607,11/4/20,420,26646,2, , 
94607,11/3/20,418,26646,2, , 
94607,11/2/20,416,26646,3, , 
94607,11/1/20,413,26646,2, , 
94607,10/31/20,411,26646,3, , 
94607,10/30/20,408,26646,3, , 
94607,10/29/20,405,26646,0, , 
94607,10/28/20,405,26646,4, , 
94607,10/27/20,401,26646,3, , 
94607,10/26/20,398,26646,2, , 
94607,10/25/20,396,26646,2, , 
94607,10/24/20,394,26646,1, , 
94607,10/23/20,393,26646,1, , 
94607,10/22/20,392,26646,0, , 
94607,10/21/20,392,26646,0, , 
94607,10/20/20,392,26646,0, , 
94607,10/19/20,392,26646,1, , 
94607,10/18/20,391,26646,1, , 
94607,10/17/20,390,26646,3, , 
94607,10/16/20,387,26646,1, , 
94607,10/15/20,386,26646,0, , 
94607,10/14/20,386,26646,2, , 
94607,10/13/20,384,26646,2, , 
94607,10/12/20,382,26646,0, , 
94607,10/11/20,382,26646,1, , 
94607,10/10/20,381,26646,1, , 
94607,10/9/20,380,26646,2, , 
94607,10/8/20,378,26646,0, , 
94607,10/7/20,378,26646,1, , 
94607,10/6/20,377,26646,0, , 
94607,10/5/20,377,26646,1, , 
94607,10/4/20,376,26646,1, , 
94607,10/3/20,375,26646,1, , 
94607,10/2/20,374,26646,0, , 
94607,10/1/20,374,26646,2, , 
94607,9/30/20,372,26646,4, , 
94607,9/29/20,368,26646,0, , 
94607,9/28/20,368,26646,1, , 
94607,9/27/20,367,26646,0, , 
94607,9/26/20,367,26646,2, , 
94607,9/25/20,365,26646,3, , 
94607,9/24/20,362,26646,1, , 
94607,9/23/20,361,26646,1, , 
94607,9/22/20,360,26646,1, , 
94607,9/21/20,359,26646,1, , 
94607,9/20/20,358,26646,3, , 
94607,9/19/20,355,26646,2, , 
94607,9/18/20,353,26646,0, , 
94607,9/17/20,353,26646,1, , 
94607,9/16/20,352,26646,1, , 
94607,9/15/20,351,26646,1, , 
94607,9/14/20,350,26646,0, , 
94607,9/13/20,350,26646,1, , 
94607,9/12/20,349,26646,2, , 
94607,9/11/20,347,26646,1, , 
94607,9/10/20,346,26646,3, , 
94607,9/9/20,343,26646,1, , 
94607,9/8/20,342,26646,1, , 
94607,9/7/20,341,26646,1, , 
94607,9/6/20,340,26646,3, , 
94607,9/5/20,337,26646,1, , 
94607,9/4/20,336,26646,1, , 
94607,9/3/20,335,26646,1, , 
94607,9/2/20,334,26646,1, , 
94607,9/1/20,333,26646,3, , 
94607,8/31/20,330,26646,2, , 
94607,8/30/20,328,26646,0, , 
94607,8/29/20,328,26646,5, , 
94607,8/28/20,323,26646,0, , 
94607,8/27/20,323,26646,0, , 
94607,8/26/20,323,26646,5, , 
94607,8/25/20,318,26646,1, , 
94607,8/24/20,317,26646,4, , 
94607,8/23/20,313,26646,0, , 
94607,8/22/20,313,26646,3, , 
94607,8/21/20,310,26646,7, , 
94607,8/20/20,303,26646,7, , 
94607,8/19/20,296,26646,3, , 
94607,8/18/20,293,26646,3, , 
94607,8/17/20,290,26646,2, , 
94607,8/16/20,288,26646,2, , 
94607,8/15/20,286,26646,9, , 
94607,8/14/20,277,26646,5, , 
94607,8/13/20,272,26646,14, , 
94607,8/12/20,258,26646,8, , 
94607,8/11/20,250,26646,4, , 
94607,8/10/20,246,26646,3, , 
94607,8/9/20,243,26646,3, , 
94607,8/8/20,240,26646,5, , 
94607,8/7/20,235,26646,1, , 
94607,8/6/20,234,26646,7, , 
94607,8/5/20,227,26646,5, , 
94607,8/4/20,222,26646,4, , 
94607,8/3/20,218,26646,2, , 
94607,8/2/20,216,26646,1, , 
94607,8/1/20,215,26646,3, , 
94607,7/31/20,212,26646,1, , 
94607,7/30/20,211,26646,6, , 
94607,7/29/20,205,26646,0, , 
94607,7/28/20,205,26646,2, , 
94607,7/27/20,203,26646,0, , 
94607,7/26/20,203,26646,2, , 
94607,7/25/20,201,26646,0, , 
94607,7/24/20,201,26646,7, , 
94607,7/23/20,194,26646,2, , 
94607,7/22/20,192,26646,5, , 
94607,7/21/20,187,26646,6, , 
94607,7/20/20,181,26646,3, , 
94607,7/19/20,178,26646,6, , 
94607,7/18/20,172,26646,4, , 
94607,7/17/20,168,26646,2, , 
94607,7/16/20,166,26646,1, , 
94607,7/15/20,165,26646,2, , 
94607,7/14/20,163,26646,8, , 
94607,7/13/20,155,26646,3, , 
94607,7/12/20,152,26646,4, , 
94607,7/11/20,148,26646,3, , 
94607,7/10/20,145,26646,4, , 
94607,7/9/20,141,26646,9, , 
94607,7/8/20,132,26646,6, , 
94607,7/7/20,126,26646,4, , 
94607,7/6/20,122,26646,2, , 
94607,7/5/20,120,26646,2, , 
94607,7/4/20,118,26646,6, , 
94607,7/3/20,112,26646,2, , 
94607,7/2/20,110,26646,1, , 
94607,7/1/20,109,26646,5, , 
94607,6/30/20,104,26646,5, , 
94607,6/29/20,99,26646,1, , 
94607,6/28/20,98,26646,4, , 
94607,6/27/20,94,26646,8, , 
94607,6/26/20,86,26646,2, , 
94607,6/25/20,84,26646,5, , 
94607,6/24/20,79,26646,1, , 
94607,6/23/20,78,26646,2, , 
94607,6/22/20,76,26646,3, , 
94607,6/21/20,73,26646,4, , 
94607,6/20/20,69,26646,1, , 
94607,6/19/20,68,26646,0, , 
94607,6/18/20,68,26646,0, , 
94607,6/17/20,68,26646,0, , 
94607,6/16/20,68,26646,1, , 
94607,6/15/20,67,26646,2, , 
94607,6/14/20,65,26646,1, , 
94607,6/13/20,64,26646,0, , 
94607,6/12/20,64,26646,0, , 
94607,6/11/20,64,26646,2, , 
94607,6/10/20,62,26646,4, , 
94607,6/9/20,58,26646,1, , 
94607,6/8/20,57,26646,0, , 
94607,6/7/20,57,26646,1, , 
94607,6/6/20,56,26646,0, , 
94607,6/5/20,56,26646,1, , 
94607,6/4/20,55,26646,2, , 
94607,6/3/20,53,26646,3, , 
94607,6/2/20,50,26646,1, , 
94607,6/1/20,49,26646,1, , 
94607,5/31/20,48,26646,1, , 
94607,5/30/20,47,26646,0, , 
94607,5/29/20,47,26646,2, , 
94607,5/28/20,45,26646,0, , 
94607,5/27/20,45,26646,0, , 
94607,5/26/20,45,26646,0, , 
94607,5/25/20,45,26646,1, , 
94607,5/24/20,44,26646,1, , 
94607,5/23/20,43,26646,1, , 
94607,5/22/20,42,26646,0, , 
94607,5/21/20,42,26646,0, , 
94607,5/20/20,42,26646,2, , 
94607,5/19/20,40,26646,0, , 
94607,5/18/20,40,26646,1, , 
94607,5/17/20,39,26646,1, , 
94607,5/16/20,38,26646,1, , 
94607,5/15/20,37,26646,1, , 
94607,5/14/20,36,26646,0, , 
94607,5/13/20,36,26646,0, , 
94607,5/12/20,36,26646,0, , 
94607,5/11/20,36,26646,0, , 
94607,5/10/20,36,26646,0, , 
94607,5/9/20,36,26646,0, , 
94607,5/8/20,36,26646,2, , 
94607,5/7/20,34,26646,0, , 
94607,5/6/20,34,26646,2, , 
94607,5/5/20,32,26646,3, , 
94607,5/4/20,29,26646,0, , 
94607,5/3/20,29,26646,2, , 
94607,5/2/20,27,26646,0, , 
94607,5/1/20,27,26646,5, , 
94607,4/30/20,22,26646,1, , 
94607,4/29/20,21,26646,0, , 
94607,4/28/20,21,26646,1, , 
94607,4/27/20,20,26646,0, , 
94607,4/26/20,20,26646,1, , 
94607,4/25/20,19,26646,0, , 
94607,4/24/20,19,26646,0, , 
94607,4/23/20,19,26646,1, , 
94607,4/22/20,18,26646,2, , 
94607,4/21/20,16,26646,0, , 
94607,4/20/20,16,26646,0, , 
94607,4/19/20,16,26646,0, , 
94607,4/18/20,16,26646,0, , 
94607,4/17/20,16,26646,1, , 
94607,4/16/20,15,26646,0, , 
94607,4/15/20,15,26646,0, , 
94607,4/14/20,15,26646,0, , 
94607,4/13/20,15,26646,0, , 
94607,4/12/20,15,26646,1, , 
94607,4/11/20,14,26646,0, , 
94607,4/10/20,14,26646,2, , 
94607,4/9/20,12,26646,1, , 
94607,4/8/20,11,26646,0, , 
94607,4/7/20,11,26646,1, , 
94607,4/6/20,10,26646,1, , 
94607,4/5/20,9,26646,0, , 
94607,4/4/20,9,26646,0, , 
94607,4/3/20,9,26646,0, , 
94607,4/2/20,9,26646,0, , 
94607,4/1/20,9,26646,0, , 
94607,3/31/20,9,26646,0, , 
94607,3/30/20,9,26646,0, , 
94607,3/29/20,9,26646,0,,
94607,3/28/20,9,26646,0,,
94607,3/27/20,9,26646,0,,
94607,3/26/20,9,26646,0,,
94607,3/25/20,9,26646,0,,
94607,3/24/20,9,26646,0,,
94607,3/23/20,9,26646,0,,
94607,3/22/20,9,26646,0,,
94607,3/21/20,9,26646,0,,
94607,3/20/20,9,26646,0,,
94607,3/19/20,9,26646,0,,
94607,3/18/20,9,26646,9,,
94607,3/17/20,0,26646,0,,
94607,3/16/20,0,26646,0,,
94607,3/15/20,0,26646,0,,
94607,3/14/20,0,26646,0,,
94607,3/13/20,0,26646,0,,
94607,3/12/20,0,26646,0,,
94607,3/11/20,0,26646,0,,
94607,3/10/20,0,26646,0,,
94607,3/9/20,0,26646,0,,
94607,3/8/20,0,26646,0,,
94607,3/7/20,0,26646,0,,
94607,3/6/20,0,26646,0,,
94607,3/5/20,0,26646,0,,
94607,3/4/20,0,26646,0,,
94607,3/3/20,0,26646,0,,
94607,3/2/20,0,26646,0,,
94607,3/1/20,0,26646,0,,
94607,2/29/20,0,26646,0,,
94607,2/28/20,0,26646,0,,